https://books.apple.com/us/audiobook/id1583395563,2021-09-14
https://books.apple.com/us/audiobook/id1587699271,2021-10-12
https://books.apple.com/us/audiobook/id1588259808,2021-11-16
https://books.apple.com/us/audiobook/id1606261967,2022-02-01
https://books.apple.com/us/audiobook/id1606261977,2022-02-08
https://books.apple.com/us/audiobook/id1613178528,2022-03-22
https://books.apple.com/us/audiobook/id1618833780,2022-05-17
https://books.apple.com/us/audiobook/id1626193380,2022-07-05
https://books.apple.com/us/audiobook/id1634431896,2022-07-12
https://books.apple.com/us/audiobook/id1653008502,2022-11-15
https://books.apple.com/us/audiobook/id1658246300,2023-01-17
https://books.apple.com/us/audiobook/id1658399495,2023-01-03
https://books.apple.com/us/audiobook/id1664298451,2023-01-31
https://books.apple.com/us/audiobook/id1680046209,2023-05-02
https://books.apple.com/us/audiobook/id1686654413,2023-05-30
https://books.apple.com/us/audiobook/id1703227482,2023-09-05
https://books.apple.com/us/audiobook/id1711875069,2023-11-07
https://books.apple.com/us/audiobook/id1713827931,2023-11-14
https://books.apple.com/us/audiobook/id1717176915,2023-12-26
https://books.apple.com/us/audiobook/id1743502518,2023-04-25
https://books.apple.com/us/audiobook/id1765638532,2024-09-17
https://books.apple.com/us/audiobook/id1770168407,2024-10-22
https://books.apple.com/us/audiobook/id1779812390,2024-12-24
https://books.apple.com/us/audiobook/id1800834203,2025-04-08
https://books.apple.com/us/book/id1378726933,2017-07-31
https://books.apple.com/us/book/id1380384265,2018-03-16
https://books.apple.com/us/book/id1380388005,2016-05-16
https://books.apple.com/us/book/id1380401924,2017-09-30
https://books.apple.com/us/book/id1380409330,2018-04-30
https://books.apple.com/us/book/id1391994954,2018-05-31
https://books.apple.com/us/book/id1418717046,2018-07-31
https://books.apple.com/us/book/id1434640754,2018-08-31
https://books.apple.com/us/book/id1435522575,2018-09-10
https://books.apple.com/us/book/id1435659344,2018-11-05
https://books.apple.com/us/book/id1445798283,2018-12-10
https://books.apple.com/us/book/id1454188756,2019-02-28
https://books.apple.com/us/book/id1460749673,2019-04-24
https://books.apple.com/us/book/id1465942687,2019-05-31
https://books.apple.com/us/book/id1475362009,2019-08-05
https://books.apple.com/us/book/id1481532247,2019-09-30
https://books.apple.com/us/book/id1484394015,2019-11-12
https://books.apple.com/us/book/id1484415307,2019-06-30
https://books.apple.com/us/book/id1493035532,2019-12-31
https://books.apple.com/us/book/id1496537123,2020-01-31
https://books.apple.com/us/book/id1500511448,2020-02-28
https://books.apple.com/us/book/id1514242844,2020-05-22
https://books.apple.com/us/book/id1520470912,2020-06-30
https://books.apple.com/us/book/id1529533233,2020-08-31
https://books.apple.com/us/book/id1531081298,2020-09-11
https://books.apple.com/us/book/id1536327757,2020-10-23
https://books.apple.com/us/book/id1541487519,2020-11-25
https://books.apple.com/us/book/id1544646435,2020-12-18
https://books.apple.com/us/book/id1545531805,2020-12-21
https://books.apple.com/us/book/id1547726095,2021-01-14
https://books.apple.com/us/book/id1550696061,2021-01-29
https://books.apple.com/us/book/id1552684379,2021-02-12
https://books.apple.com/us/book/id1558324969,2021-03-15
https://books.apple.com/us/book/id1562102943,2021-04-15
https://books.apple.com/us/book/id1563954605,2021-05-03
https://books.apple.com/us/book/id1568821693,2021-05-31
https://books.apple.com/us/book/id1573675988,2021-06-30
https://books.apple.com/us/book/id1578062523,2021-07-30
https://books.apple.com/us/book/id1581438790,2021-08-20
https://books.apple.com/us/book/id1584467620,2021-09-10
https://books.apple.com/us/book/id1587786567,2021-09-30
https://books.apple.com/us/book/id1591695320,2021-10-25
https://books.apple.com/us/book/id1595505259,2021-11-19
https://books.apple.com/us/book/id1597250104,2021-11-30
https://books.apple.com/us/book/id1598873762,2021-12-10
https://books.apple.com/us/book/id1603850065,2022-01-14
https://books.apple.com/us/book/id1610839413,2022-02-28
https://books.apple.com/us/book/id1613176808,2022-03-11
https://books.apple.com/us/book/id1616116884,2022-03-31
https://books.apple.com/us/book/id1619727138,2022-04-22
https://books.apple.com/us/book/id1620737762,2022-04-29
https://books.apple.com/us/book/id1623092701,2022-05-16
https://books.apple.com/us/book/id1623093802,2022-05-31
https://books.apple.com/us/book/id6442997280,2022-06-27
https://books.apple.com/us/book/id6443033653,2022-06-30
https://books.apple.com/us/book/id6443078709,2022-07-08
https://books.apple.com/us/book/id6443154794,2022-07-18
https://books.apple.com/us/book/id6443210009,2022-07-29
https://books.apple.com/us/book/id6443257827,2022-08-12
https://books.apple.com/us/book/id6443329288,2022-08-31
https://books.apple.com/us/book/id6443383039,2022-09-16
https://books.apple.com/us/book/id6443540955,2022-09-30
https://books.apple.com/us/book/id6443651551,2022-10-07
https://books.apple.com/us/book/id6444037109,2022-10-31
https://books.apple.com/us/book/id6444382777,2022-11-30
https://books.apple.com/us/book/id6444750369,2022-11-30
https://books.apple.com/us/book/id6445168482,2022-12-21
https://books.apple.com/us/book/id6445237309,2022-12-30
https://books.apple.com/us/book/id6445541373,2023-01-31
https://books.apple.com/us/book/id6445541595,2023-01-31
https://books.apple.com/us/book/id6445541798,2023-01-31
https://books.apple.com/us/book/id6445859593,2023-02-28
https://books.apple.com/us/book/id6445859691,2023-02-27
https://books.apple.com/us/book/id6445859814,2023-02-28
https://books.apple.com/us/book/id6446714910,2023-03-28
https://books.apple.com/us/book/id6446715271,2023-03-28
https://books.apple.com/us/book/id6446715775,2023-03-31
https://books.apple.com/us/book/id6448202539,2023-04-28
https://books.apple.com/us/book/id6448202872,2023-04-28
https://books.apple.com/us/book/id6449612198,2023-05-31
https://books.apple.com/us/book/id6449612498,2023-05-31
https://books.apple.com/us/book/id6450641754,2023-06-30
https://books.apple.com/us/book/id6450641798,2023-06-30
https://books.apple.com/us/book/id6454847178,2023-07-31
https://books.apple.com/us/book/id6454849426,2023-07-31
https://books.apple.com/us/book/id6454850996,2023-07-31
https://books.apple.com/us/book/id6454852234,2023-07-31
https://books.apple.com/us/book/id6463374397,2023-08-31
https://books.apple.com/us/book/id6463375296,2023-08-31
https://books.apple.com/us/book/id6463375491,2023-08-31
https://books.apple.com/us/book/id6467492419,2023-09-29
https://books.apple.com/us/book/id6467500478,2023-09-29
https://books.apple.com/us/book/id6467500621,2023-09-29
https://books.apple.com/us/book/id6467501046,2023-09-29
https://books.apple.com/us/book/id6470257448,2023-10-31
https://books.apple.com/us/book/id6470258146,2023-10-31
https://books.apple.com/us/book/id6470258401,2023-10-31
https://books.apple.com/us/book/id6470258815,2023-11-30
https://books.apple.com/us/book/id6470259975,2023-11-30
https://books.apple.com/us/book/id6470260419,2023-11-30
https://books.apple.com/us/book/id6474904265,2023-12-29
https://books.apple.com/us/book/id6474905024,2023-12-29
https://books.apple.com/us/book/id6476787640,2024-01-31
https://books.apple.com/us/book/id6476787906,2024-01-31
https://books.apple.com/us/book/id6476788259,2024-01-31
https://books.apple.com/us/book/id6478242158,2024-02-29
https://books.apple.com/us/book/id6478242660,2024-02-29
https://books.apple.com/us/book/id6478242834,2024-02-29
https://books.apple.com/us/book/id6480014510,2024-03-29
https://books.apple.com/us/book/id6480014523,2024-03-29
https://books.apple.com/us/book/id6480014641,2024-03-29
https://books.apple.com/us/book/id6499456189,2024-04-30
https://books.apple.com/us/book/id6499456270,2024-04-30
https://books.apple.com/us/book/id6499456369,2024-04-30
https://books.apple.com/us/book/id6499456766,2024-04-30
https://books.apple.com/us/book/id6502326491,2024-05-31
https://books.apple.com/us/book/id6502326659,2024-05-12
https://books.apple.com/us/book/id6503324170,2024-05-31
https://books.apple.com/us/book/id6503324372,2024-05-31
https://books.apple.com/us/book/id6503324600,2024-05-31
https://books.apple.com/us/book/id6504778934,2024-06-30
https://books.apple.com/us/book/id6504779309,2024-06-30
https://books.apple.com/us/book/id6504779744,2024-06-30
https://books.apple.com/us/book/id6584513357,2024-07-31
https://books.apple.com/us/book/id6584513426,2024-07-31
https://books.apple.com/us/book/id6584513574,2024-07-31
https://books.apple.com/us/book/id6664058847,2024-08-30
https://books.apple.com/us/book/id6664058991,2024-08-31
https://books.apple.com/us/book/id6664059146,2024-08-31
https://books.apple.com/us/book/id6664059293,2024-08-31
https://books.apple.com/us/book/id6720717535,2024-09-30
https://books.apple.com/us/book/id6720718090,2024-09-30
https://books.apple.com/us/book/id6720719392,2024-09-30
https://books.apple.com/us/book/id6720719664,2024-09-30
https://books.apple.com/us/book/id6737407531,2024-10-31
https://books.apple.com/us/book/id6737407709,2024-10-31
https://books.apple.com/us/book/id6737408236,2024-10-31
https://books.apple.com/us/book/id6737408707,2024-11-30
https://books.apple.com/us/book/id6738472162,2024-11-30
https://books.apple.com/us/book/id6738472308,2024-11-30
https://books.apple.com/us/book/id6738472714,2024-11-30
https://books.apple.com/us/book/id6738473323,2024-12-31
https://books.apple.com/us/book/id6738481319,2024-12-31
https://books.apple.com/us/book/id6739484738,2024-12-31
https://books.apple.com/us/book/id6741098236,2025-01-31
https://books.apple.com/us/book/id6741099265,2025-01-31
https://books.apple.com/us/book/id6741099702,2025-01-31
https://books.apple.com/us/book/id6741691139,2025-02-14
https://books.apple.com/us/book/id6742447680,2025-02-28
https://books.apple.com/us/book/id6742448246,2025-03-31
https://books.apple.com/us/book/id6743758795,2025-03-31
https://books.apple.com/us/book/id6743759728,2025-03-31
https://books.apple.com/us/book/id6744918019,2025-04-30
https://books.apple.com/us/book/id6744918623,2025-04-30
https://books.apple.com/us/book/id6744919297,2025-04-30
https://books.apple.com/us/book/id6744919963,2025-05-31
https://books.apple.com/us/book/id6744921268,2025-05-31
https://books.apple.com/us/book/id6747609781,2025-06-30
https://books.apple.com/us/book/id6747609912,2025-06-30
https://books.apple.com/us/book/id6747610234,2025-07-31
https://books.apple.com/us/book/id6749187343,2025-07-31
https://books.apple.com/us/book/id6749189060,2025-07-31
https://books.apple.com/us/book/id6751445656,2025-08-31
https://books.apple.com/us/book/id6751445829,2025-08-31
https://books.apple.com/us/book/id6751446044,2025-08-31
https://books.apple.com/us/book/id6752865895,2025-09-30
https://books.apple.com/us/book/id6752866447,2025-09-30
https://books.apple.com/us/book/id6752866637,2025-09-30
https://global.bookwalker.jp/de003d0e8e-7c31-4565-a544-99a3ef36e9f2/,2023-11-30
https://global.bookwalker.jp/de03d7a8dd-e461-4d32-851c-14512830a09c/,2023-02-03
https://global.bookwalker.jp/de046cbc97-4ab9-4d04-b082-be346edbb6df/,2022-07-05
https://global.bookwalker.jp/de04f10baf-8ee8-414f-ad19-932740c9f2a3/,2023-06-02
https://global.bookwalker.jp/de0725986f-e1db-4290-a439-b56a521bec9f/,2021-03-17
https://global.bookwalker.jp/de073340a9-f84f-4a60-af90-46e011dde94b/,2023-02-03
https://global.bookwalker.jp/de0a23919f-dd4e-422e-bc55-7c6a41f36da2/,2024-02-29
https://global.bookwalker.jp/de0d6e3079-9c52-4336-aa76-0f1d25185dc0/,2020-11-25
https://global.bookwalker.jp/de15215bb2-6ed0-465e-91c3-2971eb575221/,2018-09-19
https://global.bookwalker.jp/de1582c233-2581-4d74-a63b-6e25a36ba126/,2023-09-29
https://global.bookwalker.jp/de15ce18fc-fd03-4132-849d-ef5b6910ba3a/,2018-09-06
https://global.bookwalker.jp/de2093a20d-7139-4a84-84d7-321b26625be2/,2024-05-10
https://global.bookwalker.jp/de21fe1c3f-5e03-45df-8dbe-e8eba34b3651/,2018-03-16
https://global.bookwalker.jp/de2717db60-ba42-4151-8811-243f8cd8446d/,2023-03-01
https://global.bookwalker.jp/de27c12225-2b11-4f0a-8b10-1960951632f5/,2022-07-09
https://global.bookwalker.jp/de27d5cf90-af29-47eb-a887-e8d95758ac28/,2022-03-15
https://global.bookwalker.jp/de28959466-2886-4bc6-a952-7cda6d7259eb/,2021-08-12
https://global.bookwalker.jp/de296c4aed-a7f3-4665-843c-160ba5b49113/,2024-02-29
https://global.bookwalker.jp/de29a01679-a176-453d-b7fd-2d122c557904/,2023-09-29
https://global.bookwalker.jp/de2b008b67-9a9e-43f6-87e1-f9ef81cdd139/,2022-12-05
https://global.bookwalker.jp/de2d09bee8-b321-49df-b02a-202432b852af/,2023-03-01
https://global.bookwalker.jp/de2ef48a80-ff53-4499-9b20-30e0a62d8a8d/,2024-04-01
https://global.bookwalker.jp/de2fd6330b-f798-47fd-87a0-dfe4ec9dbc4e/,2024-06-30
https://global.bookwalker.jp/de344cc79b-7995-4beb-bcb0-e2a70cbba8e4/,2019-05-31
https://global.bookwalker.jp/de38ca110b-8764-446f-874b-b72206d3d316/,2021-10-07
https://global.bookwalker.jp/de3a4c6dd5-54c1-4c78-9caf-35c9206c6acd/,2021-09-10
https://global.bookwalker.jp/de3d975dff-c629-4e68-8d60-6c4c5173f3a0/,2023-10-31
https://global.bookwalker.jp/de3f321717-b916-44d1-afcc-fa38e3234a1c/,2023-08-04
https://global.bookwalker.jp/de413237c9-d490-468c-a818-15ab8b681781/,2021-05-03
https://global.bookwalker.jp/de4878157b-d194-449d-b196-5aa3e25ad587/,2021-01-29
https://global.bookwalker.jp/de4abe202d-1e8c-4e2c-8c79-49fdad75b35b/,2021-02-12
https://global.bookwalker.jp/de4b04fad7-0787-4093-86d0-4e50e410bd36/,2023-09-29
https://global.bookwalker.jp/de4ee0825b-5d2c-4dfb-93b2-fe12ca471ce4/,2018-05-23
https://global.bookwalker.jp/de55b4947c-9f82-4fa2-aac0-c51504a2efdb/,2024-05-11
https://global.bookwalker.jp/de57c50e77-bd3c-4c40-8774-ee9a5a4936a0/,2024-09-30
https://global.bookwalker.jp/de5836ba61-0121-47df-9ef6-e6ffd93700cf/,2019-04-24
https://global.bookwalker.jp/de5c11efe1-f475-4471-9c60-624937910b7c/,2024-04-01
https://global.bookwalker.jp/de5d0e01ec-6e9a-4933-90e5-c2e9b48aa27b/,2024-01-17
https://global.bookwalker.jp/de5f5a8a3e-c7f2-4d98-87bb-a060b6f71c37/,2022-12-21
https://global.bookwalker.jp/de60b640c7-4f39-48cf-9d27-b247beba54df/,2023-04-28
https://global.bookwalker.jp/de6254e3da-3839-4f08-9abb-2ff14d1e43e0/,2023-04-03
https://global.bookwalker.jp/de6642a19c-f387-45ed-8145-ab421979e74e/,2022-10-07
https://global.bookwalker.jp/de6769e6ae-eb09-44db-b616-af5797cea847/,2022-01-14
https://global.bookwalker.jp/de68c68ed1-1193-4781-948e-a0317eae3dcf/,2022-09-30
https://global.bookwalker.jp/de6bf17546-f988-47a2-b442-65156412b210/,2017-08-21
https://global.bookwalker.jp/de6c385051-4bcc-47b9-9337-63506008d953/,2021-08-20
https://global.bookwalker.jp/de6c796297-e7b9-4108-a814-9f4d4dfb1b5b/,2023-04-03
https://global.bookwalker.jp/de6e87af3f-2ee8-4e62-ae33-0c4004d2542a/,2024-05-31
https://global.bookwalker.jp/de724dd97c-de6e-4eff-bc44-c293f9354a03/,2021-04-16
https://global.bookwalker.jp/de727b645c-12cd-43c9-8f03-3815ba8075eb/,2021-10-27
https://global.bookwalker.jp/de74e7e967-1986-4f7e-a2f4-3e6bf9e8a093/,2018-08-07
https://global.bookwalker.jp/de7cb3d001-0cc4-446c-8b37-03e0713951d1/,2021-12-10
https://global.bookwalker.jp/de7f0f737d-356a-46bb-afb2-75455a8e84e1/,2022-08-16
https://global.bookwalker.jp/de80b1d660-2fe6-4b1f-892f-53f292048ae8/,2020-09-11
https://global.bookwalker.jp/de817244ad-4bbc-4684-8343-a876dcc4be49/,2020-02-07
https://global.bookwalker.jp/de81e664d9-b9f0-4e11-9134-7b38f5702429/,2023-08-04
https://global.bookwalker.jp/de826a66da-9178-4c55-823c-46f0ca09cfa1/,2022-09-22
https://global.bookwalker.jp/de83103793-5dc8-404e-b984-a1c30c19e3c8/,2023-04-03
https://global.bookwalker.jp/de85dea43a-8545-4a74-b3aa-6e25ff0f66de/,2017-08-21
https://global.bookwalker.jp/de8bbc6931-9f46-4676-a3f9-dcbadd5c90f0/,2023-08-31
https://global.bookwalker.jp/de8c79eeb3-5791-40d1-a8a5-23f3d2512917/,2020-08-31
https://global.bookwalker.jp/de8eecade5-f6ce-475f-95f6-8640d7eae67f/,2023-04-28
https://global.bookwalker.jp/de90034279-6852-4a43-aeae-ca985a5af2f2/,2022-04-22
https://global.bookwalker.jp/de9020b8f5-a926-46b1-af20-3ebd60ff3c64/,2019-11-05
https://global.bookwalker.jp/de9093fd0d-3a34-409e-8da6-2311cd67bf8e/,2023-01-31
https://global.bookwalker.jp/de9164a988-fb60-48c5-aa1f-521f0cd89ded/,2020-05-22
https://global.bookwalker.jp/de9337e4f1-a143-4155-9f6d-2675bd36d89e/,2024-07-31
https://global.bookwalker.jp/de95deff94-1d33-438e-8f37-20763d6494c1/,2020-06-30
https://global.bookwalker.jp/de962703ff-b008-49b0-9576-291a2adaec26/,2018-06-05
https://global.bookwalker.jp/de9a172272-ae7a-4da7-888b-66738b261fc0/,2023-10-31
https://global.bookwalker.jp/de9cea10ae-e8b9-4cd3-b309-24f2b4e3ea21/,2023-01-31
https://global.bookwalker.jp/de9e0777f7-e72e-4a6e-b9a3-f4dc5a6ac504/,2024-05-31
https://global.bookwalker.jp/de9e18aaa2-187f-4cc5-82c6-7b5e27507110/,2020-02-28
https://global.bookwalker.jp/de9f00e4bc-f5d9-4940-abd3-45b1c23f340a/,2019-02-28
https://global.bookwalker.jp/dea0225ad7-69fc-4fb9-81eb-29fe0f1e4bd6/,2023-08-04
https://global.bookwalker.jp/dea08b91be-3c33-454c-9d7a-01c52ef9c71e/,2021-06-30
https://global.bookwalker.jp/dea0cffad6-29ed-4884-a97f-10e5763bd57b/,2022-02-28
https://global.bookwalker.jp/dea45f6a0e-d897-4916-9694-e94d0a95aeeb/,2020-12-18
https://global.bookwalker.jp/dea556a7ae-0069-4a34-b8bd-c1b2ca7590f7/,2018-11-05
https://global.bookwalker.jp/dea81924d2-93cb-4367-be31-4b4f25e127cf/,2022-06-27
https://global.bookwalker.jp/deae60d6c1-5c74-4d71-ab23-ec92fa023378/,2024-05-10
https://global.bookwalker.jp/deb01935eb-2016-42fc-89ab-249f73ddb90a/,2024-06-30
https://global.bookwalker.jp/deb10bda84-e043-4413-80a7-a65a1c69196c/,2023-09-29
https://global.bookwalker.jp/deb56a42ad-ec6b-41a1-80d7-985e917318ca/,2022-05-16
https://global.bookwalker.jp/deb5ebd31e-0267-4392-a35a-469ccf7594dc/,2022-05-31
https://global.bookwalker.jp/deb64de593-5b7d-4a8e-8b4a-09961413a1b6/,2020-10-23
https://global.bookwalker.jp/deb69bfe31-e4a6-4424-87cc-af2a225f7601/,2024-01-17
https://global.bookwalker.jp/deb708e840-af28-4368-96d9-ba630ee5ea68/,2022-10-31
https://global.bookwalker.jp/deb84f6a3f-5f42-47c0-b4ac-9a0bfe611142/,2023-11-30
https://global.bookwalker.jp/debb342bdc-33f2-4f3b-85f2-02c451b8ada8/,2023-08-31
https://global.bookwalker.jp/debb726e2a-79bf-44af-be2a-40c1b924177b/,2023-06-02
https://global.bookwalker.jp/debc11e440-d1f7-423d-9535-74eef997b571/,2024-01-31
https://global.bookwalker.jp/debc300709-a315-4935-98ec-1ea44671637a/,2021-11-30
https://global.bookwalker.jp/debe636a7d-d5cd-4101-ba66-da1d32cf707c/,2024-05-31
https://global.bookwalker.jp/debe9274f4-5dfc-4183-836b-c9e5b433766a/,2022-09-02
https://global.bookwalker.jp/dec0cedb8b-9905-4585-bf8b-7441209b23bc/,2020-12-23
https://global.bookwalker.jp/dec111563a-bfb5-498a-a40d-201450b76a32/,2024-05-31
https://global.bookwalker.jp/dec22ca649-ab20-4750-bbd4-bb58b86532cc/,2021-11-19
https://global.bookwalker.jp/dec2960330-4798-4319-88a8-81074eb5f7af/,2023-11-30
https://global.bookwalker.jp/dec3643dd0-d370-4fc5-8be2-baff91e8fc24/,2024-04-01
https://global.bookwalker.jp/dec3bfdfdf-ca88-4d76-b10a-31e992009601/,2019-11-12
https://global.bookwalker.jp/dec417f1a9-3087-49e8-9d4a-9d0a765255db/,2023-08-04
https://global.bookwalker.jp/dec62bce6b-4a70-43dd-b67b-b9a9525cc36d/,2024-01-31
https://global.bookwalker.jp/dec8453a03-b83c-4a92-8280-2ce23900df80/,2022-05-12
https://global.bookwalker.jp/dec8a270eb-8429-4b01-b610-410e91bfeb3c/,2021-05-31
https://global.bookwalker.jp/decb01a4d2-00b2-4d73-ba95-d3e1cb55b654/,2019-08-13
https://global.bookwalker.jp/decd72373f-6510-4083-9081-0ea412fb7092/,2024-05-12
https://global.bookwalker.jp/ded1f0107c-a73a-4aca-825b-2243185bf9a6/,2024-05-10
https://global.bookwalker.jp/ded3848efe-1728-4b6f-a724-6d175ae43cf5/,2021-01-14
https://global.bookwalker.jp/ded3f59395-7b47-4088-a844-e39a2749ea9b/,2023-08-31
https://global.bookwalker.jp/ded48497dc-b2af-4e53-b29f-fa3ce05eba60/,2017-10-06
https://global.bookwalker.jp/dedc69e14c-97f7-4067-9149-f606c7135d28/,2023-06-30
https://global.bookwalker.jp/dedd45d8da-f0f3-48bb-a6bf-3aadb05ef80c/,2024-06-30
https://global.bookwalker.jp/dedfbd36bc-951f-4458-9c49-8c1cec572c02/,2022-12-02
https://global.bookwalker.jp/dee039a295-83be-4753-b2d5-eea407825523/,2018-12-14
https://global.bookwalker.jp/dee1da9da1-1943-4461-b2a7-47caab15dc3f/,2023-06-30
https://global.bookwalker.jp/dee729c782-10fc-4cc9-ab1c-666ece1931f3/,2022-07-18
https://global.bookwalker.jp/dee8efeb39-4647-4d8d-979d-05bdcd6f16a1/,2020-02-07
https://global.bookwalker.jp/deee36d5dc-dddb-4d3d-b972-97e8e17beb0b/,2022-07-29
https://global.bookwalker.jp/def445f9e9-ec2b-4d6b-9166-d13c3b86097c/,2019-09-30
https://global.bookwalker.jp/def52517bb-e749-447b-a3f4-3f483beabfe4/,2023-10-31
https://global.bookwalker.jp/def5938387-0c87-4b62-9d3e-beeae04a7f69/,2022-03-31
https://global.bookwalker.jp/defaee7046-b711-45ec-bac9-b6e3f3b62b1f/,2024-01-31
https://global.bookwalker.jp/defb809b83-89a4-45c4-869f-b62fcc0b80a7/,2024-02-29
https://global.bookwalker.jp/deff251678-aceb-4cbe-a4d7-e5f504a3eb44/,2023-03-01
https://legacy.rightstufanime.com/Another-Worlds-Zombie-Apocalypse-Is-Not-My-Problem-Novel-Volume-1_3,2019-09-08
https://legacy.rightstufanime.com/Apocalypse-Bringer-Mynoghra-World-Conquest-Starts-with-the-Civilization-of-Ruin-Novel-Volume-1_3,2021-09-06
https://legacy.rightstufanime.com/Apocalypse-Bringer-Mynoghra-World-Conquest-Starts-with-the-Civilization-of-Ruin-Novel-Volume-2_3,2022-02-01
https://legacy.rightstufanime.com/Apocalypse-Bringer-Mynoghra-World-Conquest-Starts-with-the-Civilization-of-Ruin-Novel-Volume-3_2,2022-06-22
https://legacy.rightstufanime.com/Apocalypse-Bringer-Mynoghra-World-Conquest-Starts-with-the-Civilization-of-Ruin-Novel-Volume-4_2,2023-01-23
https://legacy.rightstufanime.com/Apocalypse-Bringer-Mynoghra-World-Conquest-Starts-with-the-Civilization-of-Ruin-Novel-Volume-5,2023-11-28
https://legacy.rightstufanime.com/Beast-Blood-Novel-Volume-1_3,2019-08-28
https://legacy.rightstufanime.com/Beast-Blood-Novel-Volume-2_3,2021-01-16
https://legacy.rightstufanime.com/Even-Dogs-Go-to-Other-Worlds-Life-in-Another-World-with-My-Beloved-Hound-Novel-Volume-1_2,2022-04-24
https://legacy.rightstufanime.com/Even-Dogs-Go-to-Other-Worlds-Life-in-Another-World-with-My-Beloved-Hound-Novel-Volume-2_2,2023-05-01
https://legacy.rightstufanime.com/Even-Dogs-Go-to-Other-Worlds-Life-in-Another-World-with-My-Beloved-Hound-Novel-Volume-3_2,2023-06-30
https://legacy.rightstufanime.com/Expedition-Cooking-with-the-Enoch-Royal-Knights-Novel-Volume-1_2,2022-09-28
https://legacy.rightstufanime.com/Expedition-Cooking-with-the-Enoch-Royal-Knights-Novel-Volume-2_2,2023-07-24
https://legacy.rightstufanime.com/Expedition-Cooking-with-the-Enoch-Royal-Knights-Novel-Volume-3,2023-12-13
https://legacy.rightstufanime.com/Id-Rather-Have-a-Cat-than-a-Harem-Novel-Volume-1-Hardcover_2,2022-12-01
https://legacy.rightstufanime.com/Id-Rather-Have-a-Cat-than-a-Harem-Novel-Volume-1_2,2022-12-01
https://legacy.rightstufanime.com/Id-Rather-Have-a-Cat-than-a-Harem-Novel-Volume-2-Hardcover_2,2023-01-30
https://legacy.rightstufanime.com/Id-Rather-Have-a-Cat-than-a-Harem-Novel-Volume-2_2,2023-01-30
https://legacy.rightstufanime.com/Ill-Use-This-Do-over-to-Become-the-Ideal-Ladys-Maid-Novel,2023-10-18
https://legacy.rightstufanime.com/Little-Princess-in-Fairy-Forest-Novel_3,2019-09-18
https://legacy.rightstufanime.com/Making-Jam-in-the-Woods-My-Relaxing-Life-Starts-in-Another-World-Novel,2024-01-27
https://legacy.rightstufanime.com/Mia-and-the-Forbidden-Medicine-Report-Novel-Volume-1_3,2019-06-15
https://legacy.rightstufanime.com/Obsessions-of-an-Otome-Gamer-Novel-Volume-1_3,2020-03-11
https://legacy.rightstufanime.com/Obsessions-of-an-Otome-Gamer-Novel-Volume-2_3,2020-03-11
https://legacy.rightstufanime.com/Of-Dragons-and-Fae-Is-a-Fairy-Tale-Ending-Possible-for-the-Princesss-Hairstylist-Novel_3,2020-07-20
https://legacy.rightstufanime.com/Onmyoji-and-Tengu-Eyes-Novel-Volume-2_2,2023-03-10
https://legacy.rightstufanime.com/Onmyoji-and-Tengu-Eyes-The-Spirit-Hunters-of-Tomoe-Novel-Volume-1_2,2022-07-14
https://legacy.rightstufanime.com/Past-Life-Countess-Present-Life-Otome-Game-NPC-Novel_3,2021-04-12
https://legacy.rightstufanime.com/Rapunzel-of-the-Magic-Item-Shop-Novel,2023-02-16
https://legacy.rightstufanime.com/Reincarnated-as-the-Last-of-My-Kind-Novel-Volume-1-Hardcover_4,2021-12-23
https://legacy.rightstufanime.com/Reincarnated-as-the-Last-of-My-Kind-Novel-Volume-1_3,2021-12-23
https://legacy.rightstufanime.com/Reincarnated-as-the-Last-of-My-Kind-Novel-Volume-2-Hardcover_2,2022-10-12
https://legacy.rightstufanime.com/Reincarnated-as-the-Last-of-My-Kind-Novel-Volume-2_2,2022-08-29
https://legacy.rightstufanime.com/Reincarnated-as-the-Last-of-My-Kind-Novel-Volume-3-Hardcover_2,2022-11-09
https://legacy.rightstufanime.com/Reincarnated-as-the-Last-of-My-Kind-Novel-Volume-3_2,2022-10-22
https://legacy.rightstufanime.com/Reset-The-Imprisoned-Princess-Dreams-of-Another-Chance-Novel-Volume-1_2,2022-07-14
https://legacy.rightstufanime.com/Revolutionary-Reprise-of-the-Blue-Rose-Princess-Novel-Volume-1_2,2023-05-31
https://legacy.rightstufanime.com/Revolutionary-Reprise-of-the-Blue-Rose-Princess-Novel-Volume-2,2024-01-24
https://legacy.rightstufanime.com/Revolutionary-Reprise-of-the-Blue-Rose-Princess-Novel-Volume-3,2024-02-01
https://legacy.rightstufanime.com/Romance-of-the-Imperial-Capital-Kotogami-A-Tale-of-Living-Alongside-Spirits-Novel_3,2021-06-24
https://legacy.rightstufanime.com/The-Abandoned-Heiress-Gets-Rich-with-Alchemy-and-Scores-an-Enemy-General-Novel_2,2023-03-09
https://legacy.rightstufanime.com/The-Champions-of-Justice-and-the-Supreme-Ruler-of-Evil-Novel_3,2019-07-02
https://legacy.rightstufanime.com/The-Cursed-Princess-and-the-Lucky-Knight-Novel_3,2019-08-20
https://legacy.rightstufanime.com/The-Do-Over-Damsel-Conquers-the-Dragon-Emperor-Novel-Volume-1_2,2023-05-31
https://legacy.rightstufanime.com/The-Do-Over-Damsel-Conquers-the-Dragon-Emperor-Novel-Volume-2_2,2023-08-20
https://legacy.rightstufanime.com/The-Do-Over-Damsel-Conquers-the-Dragon-Emperor-Novel-Volume-3,2023-10-18
https://legacy.rightstufanime.com/The-Dragons-Soulmate-is-a-Mushroom-Princess-Novel-Volume-1_2,2023-01-20
https://legacy.rightstufanime.com/The-Dragons-Soulmate-is-a-Mushroom-Princess-Novel-Volume-2_2,2023-07-31
https://legacy.rightstufanime.com/The-Eccentric-Master-and-the-Fake-Lover-Novel-Volume-1_3,2019-06-15
https://legacy.rightstufanime.com/The-Eccentric-Master-and-the-Fake-Lover-Novel-Volume-2_3,2020-08-19
https://legacy.rightstufanime.com/The-Inconvenient-Life-of-an-Arousing-Priestess-Novel_2,2023-03-20
https://legacy.rightstufanime.com/The-Misfortune-Devouring-Witch-is-Actually-a-Vampire-Novel_3,2020-10-27
https://legacy.rightstufanime.com/The-Weakest-Manga-Villainess-Wants-Her-Freedom-Novel_3,2021-02-22
https://legacy.rightstufanime.com/The-Werewolf-Count-and-the-Trickster-Tailor-Novel-Volume-1_3,2020-07-06
https://legacy.rightstufanime.com/emeth-Island-of-Golems-Novel_3,2019-06-15
https://play.google.com/store/books/details?id=-F1YEQAAQBAJ,2025-05-31
https://play.google.com/store/books/details?id=-voWEAAAQBAJ,2021-01-29
https://play.google.com/store/books/details?id=088PEAAAQBAJ,2020-12-21
https://play.google.com/store/books/details?id=0aMvEAAAQBAJ,2021-05-31
https://play.google.com/store/books/details?id=0ianDwAAQBAJ,2019-08-05
https://play.google.com/store/books/details?id=1-cEEQAAQBAJ,2024-04-30
https://play.google.com/store/books/details?id=18reEAAAQBAJ,2023-11-30
https://play.google.com/store/books/details?id=1AtBEAAAQBAJ,2021-09-10
https://play.google.com/store/books/details?id=1Hm1EAAAQBAJ,2023-03-28
https://play.google.com/store/books/details?id=1w5YEQAAQBAJ,2025-04-30
https://play.google.com/store/books/details?id=2cypEAAAQBAJ,2023-01-31
https://play.google.com/store/books/details?id=3R51EQAAQBAJ,2025-07-31
https://play.google.com/store/books/details?id=3f05EQAAQBAJ,2024-12-31
https://play.google.com/store/books/details?id=3i3tDwAAQBAJ,2020-06-30
https://play.google.com/store/books/details?id=4-1JEAAAQBAJ,2021-10-25
https://play.google.com/store/books/details?id=4K0KEQAAQBAJ,2024-05-31
https://play.google.com/store/books/details?id=4qVdDwAAQBAJ,2018-05-31
https://play.google.com/store/books/details?id=544SEAAAQBAJ,2021-01-14
https://play.google.com/store/books/details?id=54XeEAAAQBAJ,2023-10-31
https://play.google.com/store/books/details?id=5fEjEQAAQBAJ,2024-09-30
https://play.google.com/store/books/details?id=6NOJDwAAQBAJ,2019-02-28
https://play.google.com/store/books/details?id=6qckEQAAQBAJ,2024-09-30
https://play.google.com/store/books/details?id=7GoWEQAAQBAJ,2024-07-31
https://play.google.com/store/books/details?id=7apmDwAAQBAJ,2018-07-31
https://play.google.com/store/books/details?id=7tjYEAAAQBAJ,2023-09-29
https://play.google.com/store/books/details?id=870OEAAAQBAJ,2020-12-18
https://play.google.com/store/books/details?id=8IdOEAAAQBAJ,2021-11-19
https://play.google.com/store/books/details?id=8UJTEAAAQBAJ,2021-12-10
https://play.google.com/store/books/details?id=9-7SEAAAQBAJ,2023-08-31
https://play.google.com/store/books/details?id=9BwQEQAAQBAJ,2024-06-30
https://play.google.com/store/books/details?id=ABpJEQAAQBAJ,2025-03-31
https://play.google.com/store/books/details?id=A_HYEAAAQBAJ,2023-09-29
https://play.google.com/store/books/details?id=Bd7qEAAAQBAJ,2023-12-29
https://play.google.com/store/books/details?id=CCOwEAAAQBAJ,2023-02-28
https://play.google.com/store/books/details?id=DUozEQAAQBAJ,2024-11-30
https://play.google.com/store/books/details?id=DbB9EAAAQBAJ,2022-07-29
https://play.google.com/store/books/details?id=Dg5rDwAAQBAJ,2018-08-31
https://play.google.com/store/books/details?id=E7q6EAAAQBAJ,2023-04-28
https://play.google.com/store/books/details?id=EOz5DwAAQBAJ,2020-09-11
https://play.google.com/store/books/details?id=FtrwEAAAQBAJ,2024-01-31
https://play.google.com/store/books/details?id=G5HeEAAAQBAJ,2023-11-30
https://play.google.com/store/books/details?id=G_mpEAAAQBAJ,2023-01-31
https://play.google.com/store/books/details?id=GakaEAAAQBAJ,2021-02-12
https://play.google.com/store/books/details?id=GbBDDwAAQBAJ,2017-07-31
https://play.google.com/store/books/details?id=GqNnEQAAQBAJ,2025-06-30
https://play.google.com/store/books/details?id=IGsWEQAAQBAJ,2024-07-31
https://play.google.com/store/books/details?id=IcUbEQAAQBAJ,2024-08-31
https://play.google.com/store/books/details?id=IecEEQAAQBAJ,2024-04-30
https://play.google.com/store/books/details?id=Iou1EAAAQBAJ,2023-03-31
https://play.google.com/store/books/details?id=J_H8EAAAQBAJ,2024-03-29
https://play.google.com/store/books/details?id=JiDHDwAAQBAJ,2019-12-31
https://play.google.com/store/books/details?id=Jx7NEAAAQBAJ,2023-07-31
https://play.google.com/store/books/details?id=KkFREQAAQBAJ,2025-03-31
https://play.google.com/store/books/details?id=KsK3DwAAQBAJ,2019-06-30
https://play.google.com/store/books/details?id=MDJtDwAAQBAJ,2018-09-10
https://play.google.com/store/books/details?id=MNo9EAAAQBAJ,2021-08-20
https://play.google.com/store/books/details?id=McpEEAAAQBAJ,2021-09-30
https://play.google.com/store/books/details?id=N6duEAAAQBAJ,2022-05-16
https://play.google.com/store/books/details?id=NTiUDwAAQBAJ,2019-04-24
https://play.google.com/store/books/details?id=NeYEEQAAQBAJ,2024-04-30
https://play.google.com/store/books/details?id=OAIoEAAAQBAJ,2021-04-15
https://play.google.com/store/books/details?id=OF_NEAAAQBAJ,2023-07-31
https://play.google.com/store/books/details?id=OQ9YEQAAQBAJ,2025-04-30
https://play.google.com/store/books/details?id=OiGeEAAAQBAJ,2022-11-30
https://play.google.com/store/books/details?id=PfH8EAAAQBAJ,2024-03-29
https://play.google.com/store/books/details?id=Q15YEQAAQBAJ,2025-05-31
https://play.google.com/store/books/details?id=QNjwEAAAQBAJ,2024-01-31
https://play.google.com/store/books/details?id=RK8KEQAAQBAJ,2024-05-31
https://play.google.com/store/books/details?id=Rk33EAAAQBAJ,2024-02-29
https://play.google.com/store/books/details?id=RvhiEAAAQBAJ,2022-03-11
https://play.google.com/store/books/details?id=SKEiEAAAQBAJ,2021-03-15
https://play.google.com/store/books/details?id=SMG3DwAAQBAJ,2019-11-12
https://play.google.com/store/books/details?id=SSDNEAAAQBAJ,2023-07-31
https://play.google.com/store/books/details?id=S_TYEAAAQBAJ,2023-09-29
https://play.google.com/store/books/details?id=SjIGEQAAQBAJ,2024-05-31
https://play.google.com/store/books/details?id=TwrHEAAAQBAJ,2023-06-30
https://play.google.com/store/books/details?id=U00zEQAAQBAJ,2024-11-30
https://play.google.com/store/books/details?id=VDflDwAAQBAJ,2020-05-22
https://play.google.com/store/books/details?id=VG6IEQAAQBAJ,2025-09-30
https://play.google.com/store/books/details?id=WSacEAAAQBAJ,2022-11-30
https://play.google.com/store/books/details?id=Wbs0EAAAQBAJ,2021-06-30
https://play.google.com/store/books/details?id=WrWiEAAAQBAJ,2022-12-21
https://play.google.com/store/books/details?id=X-f5DwAAQBAJ,2020-08-31
https://play.google.com/store/books/details?id=XfXYEAAAQBAJ,2023-09-29
https://play.google.com/store/books/details?id=YTt7EAAAQBAJ,2022-07-18
https://play.google.com/store/books/details?id=YW2AEAAAQBAJ,2022-08-12
https://play.google.com/store/books/details?id=YhsQEQAAQBAJ,2024-06-30
https://play.google.com/store/books/details?id=Yu45EQAAQBAJ,2024-12-31
https://play.google.com/store/books/details?id=ZJdYDwAAQBAJ,2018-04-30
https://play.google.com/store/books/details?id=ZqNnEQAAQBAJ,2025-06-30
https://play.google.com/store/books/details?id=_GoWEQAAQBAJ,2024-07-31
https://play.google.com/store/books/details?id=a7-6EAAAQBAJ,2023-04-28
https://play.google.com/store/books/details?id=aK4KEQAAQBAJ,2024-05-31
https://play.google.com/store/books/details?id=aVjSDwAAQBAJ,2020-02-28
https://play.google.com/store/books/details?id=awhCEQAAQBAJ,2025-01-31
https://play.google.com/store/books/details?id=bBWMEAAAQBAJ,2022-09-30
https://play.google.com/store/books/details?id=bEWaDwAAQBAJ,2019-05-31
https://play.google.com/store/books/details?id=bnRRDwAAQBAJ,2018-03-16
https://play.google.com/store/books/details?id=bnwkEQAAQBAJ,2024-09-30
https://play.google.com/store/books/details?id=bup4EAAAQBAJ,2022-07-08
https://play.google.com/store/books/details?id=c9TqEAAAQBAJ,2023-12-29
https://play.google.com/store/books/details?id=cHSAEQAAQBAJ,2025-08-31
https://play.google.com/store/books/details?id=cQrHEAAAQBAJ,2023-06-30
https://play.google.com/store/books/details?id=cu9CEQAAQBAJ,2025-02-14
https://play.google.com/store/books/details?id=d5HeEAAAQBAJ,2023-10-31
https://play.google.com/store/books/details?id=dBoQEQAAQBAJ,2024-06-30
https://play.google.com/store/books/details?id=dCKwEAAAQBAJ,2023-02-27
https://play.google.com/store/books/details?id=dZDeEAAAQBAJ,2023-10-31
https://play.google.com/store/books/details?id=eAuyDwAAQBAJ,2019-09-30
https://play.google.com/store/books/details?id=f-UEEQAAQBAJ,2024-04-30
https://play.google.com/store/books/details?id=fGMsEQAAQBAJ,2024-10-31
https://play.google.com/store/books/details?id=fLoDEAAAQBAJ,2020-10-23
https://play.google.com/store/books/details?id=fMPAEAAAQBAJ,2023-05-31
https://play.google.com/store/books/details?id=fpCFEAAAQBAJ,2022-08-31
https://play.google.com/store/books/details?id=gX5sEAAAQBAJ,2022-04-29
https://play.google.com/store/books/details?id=gb8bEQAAQBAJ,2024-08-30
https://play.google.com/store/books/details?id=ge3SEAAAQBAJ,2023-08-31
https://play.google.com/store/books/details?id=gqNnEQAAQBAJ,2025-07-31
https://play.google.com/store/books/details?id=hE33EAAAQBAJ,2024-02-29
https://play.google.com/store/books/details?id=hcUbEQAAQBAJ,2024-08-31
https://play.google.com/store/books/details?id=j-PAEAAAQBAJ,2023-05-31
https://play.google.com/store/books/details?id=j05REAAAQBAJ,2021-11-30
https://play.google.com/store/books/details?id=jDZ2EAAAQBAJ,2022-06-27
https://play.google.com/store/books/details?id=kCKwEAAAQBAJ,2023-02-28
https://play.google.com/store/books/details?id=kMg5EAAAQBAJ,2021-07-30
https://play.google.com/store/books/details?id=kct1DwAAQBAJ,2018-11-05
https://play.google.com/store/books/details?id=lQlCEQAAQBAJ,2025-01-31
https://play.google.com/store/books/details?id=liB1EQAAQBAJ,2025-07-31
https://play.google.com/store/books/details?id=m9-REAAAQBAJ,2022-10-07
https://play.google.com/store/books/details?id=mHWAEQAAQBAJ,2025-08-31
https://play.google.com/store/books/details?id=mUszEQAAQBAJ,2024-11-30
https://play.google.com/store/books/details?id=meLSEAAAQBAJ,2023-08-31
https://play.google.com/store/books/details?id=oHO1EAAAQBAJ,2023-03-28
https://play.google.com/store/books/details?id=oRFYEQAAQBAJ,2025-04-30
https://play.google.com/store/books/details?id=o_05EQAAQBAJ,2024-12-31
https://play.google.com/store/books/details?id=o_N3EAAAQBAJ,2022-06-30
https://play.google.com/store/books/details?id=p4qIEAAAQBAJ,2022-09-16
https://play.google.com/store/books/details?id=pJdrEAAAQBAJ,2022-04-22
https://play.google.com/store/books/details?id=pRhmEAAAQBAJ,2022-03-31
https://play.google.com/store/books/details?id=pSbMDwAAQBAJ,2020-01-31
https://play.google.com/store/books/details?id=paduEAAAQBAJ,2022-05-31
https://play.google.com/store/books/details?id=pedEDwAAQBAJ,2016-05-16
https://play.google.com/store/books/details?id=q-dEDwAAQBAJ,2017-09-30
https://play.google.com/store/books/details?id=qneAEQAAQBAJ,2025-08-31
https://play.google.com/store/books/details?id=rcypEAAAQBAJ,2023-01-31
https://play.google.com/store/books/details?id=rukjEQAAQBAJ,2024-09-30
https://play.google.com/store/books/details?id=s0szEQAAQBAJ,2024-11-30
https://play.google.com/store/books/details?id=s_eIEQAAQBAJ,2025-09-30
https://play.google.com/store/books/details?id=sk33EAAAQBAJ,2024-02-29
https://play.google.com/store/books/details?id=sszeEAAAQBAJ,2023-11-30
https://play.google.com/store/books/details?id=t8AbEQAAQBAJ,2024-08-31
https://play.google.com/store/books/details?id=tjNgEAAAQBAJ,2022-02-28
https://play.google.com/store/books/details?id=trIKEAAAQBAJ,2020-11-25
https://play.google.com/store/books/details?id=uDAGEQAAQBAJ,2024-05-12
https://play.google.com/store/books/details?id=uEikEAAAQBAJ,2022-12-30
https://play.google.com/store/books/details?id=ukZREQAAQBAJ,2025-03-31
https://play.google.com/store/books/details?id=un0qEAAAQBAJ,2021-05-03
https://play.google.com/store/books/details?id=wGtYEAAAQBAJ,2022-01-14
https://play.google.com/store/books/details?id=wR7NEAAAQBAJ,2023-07-31
https://play.google.com/store/books/details?id=wwlCEQAAQBAJ,2025-01-31
https://play.google.com/store/books/details?id=xlssEQAAQBAJ,2024-10-31
https://play.google.com/store/books/details?id=xteXEAAAQBAJ,2022-10-31
https://play.google.com/store/books/details?id=yF8sEQAAQBAJ,2024-10-31
https://play.google.com/store/books/details?id=yG2IEQAAQBAJ,2025-09-30
https://play.google.com/store/books/details?id=yNnwEAAAQBAJ,2024-01-31
https://play.google.com/store/books/details?id=y_D8EAAAQBAJ,2024-03-29
https://play.google.com/store/books/details?id=yaB9DwAAQBAJ,2018-12-10
https://play.google.com/store/books/details?id=zBlJEQAAQBAJ,2025-02-28
https://www.amazon.com/dp/1945341122,2019-06-15
https://www.amazon.com/dp/1945341203,2019-09-18
https://www.amazon.com/dp/1945341211,2019-08-20
https://www.amazon.com/dp/194534122X,2019-06-15
https://www.amazon.com/dp/1945341238,2019-07-02
https://www.amazon.com/dp/1945341246,2019-06-15
https://www.amazon.com/dp/1945341254,2019-08-28
https://www.amazon.com/dp/1945341335,2020-03-11
https://www.amazon.com/dp/1945341343,2020-03-11
https://www.amazon.com/dp/1945341351,2020-07-06
https://www.amazon.com/dp/1945341394,2020-07-20
https://www.amazon.com/dp/1945341408,2019-09-08
https://www.amazon.com/dp/1945341424,2020-08-19
https://www.amazon.com/dp/1945341432,2020-10-27
https://www.amazon.com/dp/1945341521,2021-01-16
https://www.amazon.com/dp/194534153X,2021-02-22
https://www.amazon.com/dp/1945341599,2021-04-12
https://www.amazon.com/dp/1945341629,2021-06-24
https://www.amazon.com/dp/1945341645,2021-09-06
https://www.amazon.com/dp/1945341688,2021-12-23
https://www.amazon.com/dp/194534170X,2021-10-16
https://www.amazon.com/dp/1945341777,2022-02-01
https://www.amazon.com/dp/B01FSQ0CC6,2016-05-16
https://www.amazon.com/dp/B01HK25RNK,2016-09-12
https://www.amazon.com/dp/B072ZBSH5D,2017-07-31
https://www.amazon.com/dp/B074Z64F2P,2017-09-30
https://www.amazon.com/dp/B076MLS5CG,2017-12-11
https://www.amazon.com/dp/B078QK6BZ9,2018-03-16
https://www.amazon.com/dp/B079G68JWK,2018-04-30
https://www.amazon.com/dp/B07BYJGZ8D,2018-05-31
https://www.amazon.com/dp/B07DF7VQ8Z,2018-07-31
https://www.amazon.com/dp/B07F22QVFX,2018-08-31
https://www.amazon.com/dp/B07FZBWL5F,2018-09-10
https://www.amazon.com/dp/B07H5FYNFT,2018-11-05
https://www.amazon.com/dp/B07K1DP22S,2018-12-10
https://www.amazon.com/dp/B07MR2SP53,2019-02-28
https://www.amazon.com/dp/B07P8351YN,2019-04-24
https://www.amazon.com/dp/B07R56LNXS,2019-05-31
https://www.amazon.com/dp/B07SR5GRCV,2019-06-30
https://www.amazon.com/dp/B07TLMV698,2019-08-05
https://www.amazon.com/dp/B07VFN5CHJ,2019-09-30
https://www.amazon.com/dp/B07Y2WQX4S,2019-12-31
https://www.amazon.com/dp/B07YRZX63Z,2019-11-12
https://www.amazon.com/dp/B082QN1868,2020-02-28
https://www.amazon.com/dp/B082S1M29Z,2020-01-31
https://www.amazon.com/dp/B0871DYDXH,2020-05-22
https://www.amazon.com/dp/B087FXLWLH,2020-06-30
https://www.amazon.com/dp/B0886FLYHV,2020-08-31
https://www.amazon.com/dp/B08BTTKJ9K,2020-11-25
https://www.amazon.com/dp/B08BTZXPXD,2020-10-23
https://www.amazon.com/dp/B08C567KG1,2020-09-11
https://www.amazon.com/dp/B08HZ3MRNQ,2021-01-29
https://www.amazon.com/dp/B08JLJBYYK,2021-01-14
https://www.amazon.com/dp/B08KFSHMPV,2020-12-21
https://www.amazon.com/dp/B08KVJRDZ4,2021-02-12
https://www.amazon.com/dp/B08L7DHCB3,2020-12-18
https://www.amazon.com/dp/B08V3SCHSN,2021-03-15
https://www.amazon.com/dp/B08V8RMZ4J,2021-04-15
https://www.amazon.com/dp/B08WQ23PQD,2021-05-03
https://www.amazon.com/dp/B08YNQG46H,2021-05-31
https://www.amazon.com/dp/B08Z29D6ZB,2021-06-30
https://www.amazon.com/dp/B09155ZBDK,2021-09-10
https://www.amazon.com/dp/B094VJJX7H,2021-08-20
https://www.amazon.com/dp/B096316FX6,2021-07-30
https://www.amazon.com/dp/B098QLM3N5,2021-11-19
https://www.amazon.com/dp/B099S979G6,2021-11-30
https://www.amazon.com/dp/B09BQ5GGNF,2021-09-30
https://www.amazon.com/dp/B09CR1KRJS,2021-11-16
https://www.amazon.com/dp/B09CV93883,2021-09-14
https://www.amazon.com/dp/B09DSDGHQF,2021-10-25
https://www.amazon.com/dp/B09GHLJQL7,2021-10-12
https://www.amazon.com/dp/B09HJTDDZ6,2021-12-10
https://www.amazon.com/dp/B09LZ61966,2022-04-22
https://www.amazon.com/dp/B09MT1J4X6,2022-01-14
https://www.amazon.com/dp/B09MT3S8YJ,2022-02-28
https://www.amazon.com/dp/B09MTDJWPC,2022-03-11
https://www.amazon.com/dp/B09MTLTZT1,2022-03-31
https://www.amazon.com/dp/B09PMK6WCB,2022-04-29
https://www.amazon.com/dp/B09PRSM4BM,2022-02-01
https://www.amazon.com/dp/B09Q7271CN,2022-02-08
https://www.amazon.com/dp/B09QD48T3D,2022-06-30
https://www.amazon.com/dp/B09R3NPVDS,2022-06-27
https://www.amazon.com/dp/B09R3Q34D8,2022-05-16
https://www.amazon.com/dp/B09R4LL47Z,2022-07-29
https://www.amazon.com/dp/B09TN5XV7B,2022-03-22
https://www.amazon.com/dp/B09VK9432F,2022-07-18
https://www.amazon.com/dp/B09VKCFS74,2022-05-31
https://www.amazon.com/dp/B09VQ6NJLK,2022-08-12
https://www.amazon.com/dp/B09VS3Y1SH,2022-07-08
https://www.amazon.com/dp/B09XJGSG3C,2022-05-17
https://www.amazon.com/dp/B09YQFZSQJ,2022-04-24
https://www.amazon.com/dp/B09Z8NKJ5S,2022-08-31
https://www.amazon.com/dp/B09ZF6PRM2,2022-11-30
https://www.amazon.com/dp/B0B2C3HQ1Y,2022-07-05
https://www.amazon.com/dp/B0B3KNDVR4,2022-07-12
https://www.amazon.com/dp/B0B3S24CDL,2022-09-16
https://www.amazon.com/dp/B0B3S8B359,2022-09-30
https://www.amazon.com/dp/B0B3VWCXC9,2022-10-31
https://www.amazon.com/dp/B0B3VX4HDN,2022-10-07
https://www.amazon.com/dp/B0B4BKHGML,2022-06-22
https://www.amazon.com/dp/B0B62436CZ,2022-08-16
https://www.amazon.com/dp/B0B6L59YNZ,2022-07-14
https://www.amazon.com/dp/B0B6LNN3FK,2022-07-14
https://www.amazon.com/dp/B0B7S2HMR7,2022-12-21
https://www.amazon.com/dp/B0BBJTJ21C,2023-02-27
https://www.amazon.com/dp/B0BC6X7LQG,2022-08-29
https://www.amazon.com/dp/B0BFG5V8DR,2023-01-31
https://www.amazon.com/dp/B0BFKR9KC7,2023-01-31
https://www.amazon.com/dp/B0BFTF43FW,2022-11-30
https://www.amazon.com/dp/B0BGN8XVDV,2022-09-28
https://www.amazon.com/dp/B0BJ1684ZL,2022-12-30
https://www.amazon.com/dp/B0BJ35398C,2022-10-12
https://www.amazon.com/dp/B0BJXYQVG1,2022-10-22
https://www.amazon.com/dp/B0BLD1ZTWV,2022-11-15
https://www.amazon.com/dp/B0BLYBDDWN,2022-11-09
https://www.amazon.com/dp/B0BN4MW9RT,2023-01-03
https://www.amazon.com/dp/B0BNJBK9X2,2023-02-28
https://www.amazon.com/dp/B0BNP91D2Y,2023-01-17
https://www.amazon.com/dp/B0BNV2CMHP,2022-12-01
https://www.amazon.com/dp/B0BNV6XHKN,2022-12-01
https://www.amazon.com/dp/B0BNVCQ4J9,2023-01-31
https://www.amazon.com/dp/B0BNVQZF3N,2023-02-28
https://www.amazon.com/dp/B0BNVT42XZ,2023-03-28
https://www.amazon.com/dp/B0BNVX1DT7,2023-03-28
https://www.amazon.com/dp/B0BPTTN7XY,2023-01-31
https://www.amazon.com/dp/B0BQHBXKNY,2023-06-30
https://www.amazon.com/dp/B0BSJLLR31,2023-01-20
https://www.amazon.com/dp/B0BSWPMKQH,2023-01-23
https://www.amazon.com/dp/B0BTFRQWXB,2023-01-30
https://www.amazon.com/dp/B0BTH2Y5LY,2023-01-30
https://www.amazon.com/dp/B0BTTFGPBW,2023-03-31
https://www.amazon.com/dp/B0BW2B86V7,2023-02-16
https://www.amazon.com/dp/B0BW5MGH4Z,2023-04-28
https://www.amazon.com/dp/B0BW5PRMDC,2023-04-28
https://www.amazon.com/dp/B0BW5RJWBP,2023-05-31
https://www.amazon.com/dp/B0BWY5BTLL,2023-05-31
https://www.amazon.com/dp/B0BXN1YHGJ,2023-03-09
https://www.amazon.com/dp/B0BXNPVBHH,2023-03-10
https://www.amazon.com/dp/B0BZ2SZF82,2023-03-20
https://www.amazon.com/dp/B0BZJMM7W1,2023-04-25
https://www.amazon.com/dp/B0BZMJ22XM,2023-08-31
https://www.amazon.com/dp/B0BZMQ71FC,2023-09-29
https://www.amazon.com/dp/B0BZMSKVC3,2023-06-30
https://www.amazon.com/dp/B0BZWCMKTW,2023-08-31
https://www.amazon.com/dp/B0BZZY16X2,2023-05-02
https://www.amazon.com/dp/B0C1J5P8N4,2023-04-13
https://www.amazon.com/dp/B0C1TGWLCQ,2023-07-31
https://www.amazon.com/dp/B0C1VT8VKL,2023-07-31
https://www.amazon.com/dp/B0C2C8QKK3,2023-09-29
https://www.amazon.com/dp/B0C2CD2BWK,2023-07-31
https://www.amazon.com/dp/B0C38FP144,2023-07-31
https://www.amazon.com/dp/B0C38K9NHX,2023-10-31
https://www.amazon.com/dp/B0C38XYZTW,2023-08-31
https://www.amazon.com/dp/B0C3F3HFQ6,2023-05-30
https://www.amazon.com/dp/B0C4MP2LQZ,2023-05-08
https://www.amazon.com/dp/B0C6W1KJYQ,2023-05-31
https://www.amazon.com/dp/B0C6W2YX4D,2023-05-31
https://www.amazon.com/dp/B0C7V3TXZG,2023-09-29
https://www.amazon.com/dp/B0C8474SHC,2023-10-31
https://www.amazon.com/dp/B0C84C9Q5K,2023-10-31
https://www.amazon.com/dp/B0C84DG95R,2023-11-30
https://www.amazon.com/dp/B0C866KS2C,2023-09-29
https://www.amazon.com/dp/B0C8SMKVPR,2023-11-30
https://www.amazon.com/dp/B0CCCJ394G,2023-07-24
https://www.amazon.com/dp/B0CD86W1RY,2023-09-05
https://www.amazon.com/dp/B0CD91ZKBV,2023-07-31
https://www.amazon.com/dp/B0CFGJ1YLR,2023-12-29
https://www.amazon.com/dp/B0CFZC7LY1,2023-08-20
https://www.amazon.com/dp/B0CG58NSLM,2024-01-31
https://www.amazon.com/dp/B0CG59B8K3,2023-11-30
https://www.amazon.com/dp/B0CG5F5D7Z,2023-12-29
https://www.amazon.com/dp/B0CG6V6HP3,2024-02-29
https://www.amazon.com/dp/B0CH7B94CZ,2024-01-31
https://www.amazon.com/dp/B0CH7F8N4T,2024-02-29
https://www.amazon.com/dp/B0CKJSW4YG,2023-11-07
https://www.amazon.com/dp/B0CKRZMZKF,2024-03-29
https://www.amazon.com/dp/B0CKTYM773,2023-11-14
https://www.amazon.com/dp/B0CL8Q7FZK,2024-02-29
https://www.amazon.com/dp/B0CL9Q43JZ,2023-10-18
https://www.amazon.com/dp/B0CL9TGV7L,2023-10-18
https://www.amazon.com/dp/B0CNKVZWZS,2023-12-26
https://www.amazon.com/dp/B0CNTVQPCY,2024-01-02
https://www.amazon.com/dp/B0CP2X7X52,2024-03-29
https://www.amazon.com/dp/B0CP5RF6F8,2023-11-28
https://www.amazon.com/dp/B0CPHKQB4S,2024-04-30
https://www.amazon.com/dp/B0CPL1D4C7,2024-04-30
https://www.amazon.com/dp/B0CQ64WFV6,2023-12-13
https://www.amazon.com/dp/B0CQKD1T9M,2024-03-29
https://www.amazon.com/dp/B0CQTMFY5P,2024-01-31
https://www.amazon.com/dp/B0CQTR6Z3C,2024-04-30
https://www.amazon.com/dp/B0CQVNK7K6,2024-05-12
https://www.amazon.com/dp/B0CT6KPDFT,2024-04-30
https://www.amazon.com/dp/B0CT8C2V2N,2024-01-24
https://www.amazon.com/dp/B0CT8MCN68,2024-02-01
https://www.amazon.com/dp/B0CTFQ4BVC,2024-01-27
https://www.amazon.com/dp/B0CVQGK4W7,2024-05-31
https://www.amazon.com/dp/B0CVQZHCHN,2024-06-30
https://www.amazon.com/dp/B0CVR1K9FG,2024-05-31
https://www.amazon.com/dp/B0CVRQLRJX,2024-03-01
https://www.amazon.com/dp/B0CVTYBKFF,2024-02-15
https://www.amazon.com/dp/B0CW1CR9S4,2024-05-31
https://www.amazon.com/dp/B0CXMK8D3F,2024-06-30
https://www.amazon.com/dp/B0CYC9N9J7,2024-08-31
https://www.amazon.com/dp/B0CYCSQ3NV,2024-09-30
https://www.amazon.com/dp/B0CYCSZS1Q,2024-08-30
https://www.amazon.com/dp/B0CYGBHL86,2024-03-18
https://www.amazon.com/dp/B0CZ4CN1ZX,2024-04-26
https://www.amazon.com/dp/B0CZ4CZGJ5,2024-03-26
https://www.amazon.com/dp/B0CZ87YR7C,2024-06-30
https://www.amazon.com/dp/B0CZ8QTM89,2024-07-31
https://www.amazon.com/dp/B0CZTDQYQK,2024-05-31
https://www.amazon.com/dp/B0CZTFC7RL,2024-07-31
https://www.amazon.com/dp/B0CZTGMG15,2024-07-31
https://www.amazon.com/dp/B0CZTS4FP2,2024-08-31
https://www.amazon.com/dp/B0D25789N9,2024-04-18
https://www.amazon.com/dp/B0D2TLVW57,2024-04-26
https://www.amazon.com/dp/B0D61YYFDX,2024-08-31
https://www.amazon.com/dp/B0D63WC83N,2024-07-03
https://www.amazon.com/dp/B0D66WK1YG,2024-06-04
https://www.amazon.com/dp/B0D77MYSZB,2024-06-15
https://www.amazon.com/dp/B0D77PD7GX,2024-07-25
https://www.amazon.com/dp/B0D77PVK2G,2024-08-25
https://www.amazon.com/dp/B0D7QH9LFH,2024-07-23
https://www.amazon.com/dp/B0D8KJPLMH,2024-09-30
https://www.amazon.com/dp/B0D98F85XR,2024-07-23
https://www.amazon.com/dp/B0D98G8W5K,2024-07-11
https://www.amazon.com/dp/B0DBLJ1XGM,2024-08-07
https://www.amazon.com/dp/B0DBLP5ZHY,2024-07-30
https://www.amazon.com/dp/B0DD4XK194,2024-09-17
https://www.amazon.com/dp/B0DF4RNLWM,2024-10-31
https://www.amazon.com/dp/B0DF5ZS41C,2024-09-30
https://www.amazon.com/dp/B0DF6SLJR1,2024-09-30
https://www.amazon.com/dp/B0DF6ZL357,2024-10-31
https://www.amazon.com/dp/B0DF75K5ZK,2024-10-31
https://www.amazon.com/dp/B0DF77DL8K,2024-11-30
https://www.amazon.com/dp/B0DFHF9J31,2024-12-31
https://www.amazon.com/dp/B0DGR9KB1C,2024-12-31
https://www.amazon.com/dp/B0DGTL2SKJ,2024-10-08
https://www.amazon.com/dp/B0DGTMLX8Y,2024-09-11
https://www.amazon.com/dp/B0DJS149J6,2024-12-31
https://www.amazon.com/dp/B0DJS4LW96,2024-11-30
https://www.amazon.com/dp/B0DJSDF72W,2024-11-30
https://www.amazon.com/dp/B0DK816C1H,2024-11-30
https://www.amazon.com/dp/B0DK824WCS,2025-01-31
https://www.amazon.com/dp/B0DN33M6SJ,2024-12-24
https://www.amazon.com/dp/B0DQKYM6KY,2025-02-28
https://www.amazon.com/dp/B0DQL9WWTN,2024-12-26
https://www.amazon.com/dp/B0DQLFRVYC,2024-12-16
https://www.amazon.com/dp/B0DQNFSL6H,2025-01-31
https://www.amazon.com/dp/B0DQNW2WYD,2025-03-31
https://www.amazon.com/dp/B0DQP45SDK,2025-03-31
https://www.amazon.com/dp/B0DR55HDZV,2025-03-31
https://www.amazon.com/dp/B0DR5KSTVQ,2025-02-14
https://www.amazon.com/dp/B0DR5L6J3K,2025-01-31
https://www.amazon.com/dp/B0DRLL5BMP,2025-02-04
https://www.amazon.com/dp/B0DSPY3R1N,2025-01-16
https://www.amazon.com/dp/B0DSPYS93H,2025-01-10
https://www.amazon.com/dp/B0DT1JV5GM,2025-01-02
https://www.amazon.com/dp/B0DVH1GGJY,2025-04-30
https://www.amazon.com/dp/B0DWT5X3XL,2025-02-18
https://www.amazon.com/dp/B0DWT6HD9V,2025-03-18
https://www.amazon.com/dp/B0DWT77Q6N,2025-02-11
https://www.amazon.com/dp/B0DWT84JF8,2025-02-11
https://www.amazon.com/dp/B0DXP2XGXZ,2025-04-30
https://www.amazon.com/dp/B0DXPSF5PD,2025-04-30
https://www.amazon.com/dp/B0DZP2Q2CR,2025-03-06
https://www.amazon.com/dp/B0DZP2WSWF,2025-03-06
https://www.amazon.com/dp/B0DZQHQBCW,2025-04-08
https://www.amazon.com/dp/B0F51LBLHP,2025-05-31
https://www.amazon.com/dp/B0F53BYJ8T,2025-06-30
https://www.amazon.com/dp/B0F53D25WC,2025-07-31
https://www.amazon.com/dp/B0F53GTHMG,2025-05-31
https://www.amazon.com/dp/B0F54HH7VS,2025-04-16
https://www.amazon.com/dp/B0F54L1YH3,2025-04-16
https://www.amazon.com/dp/B0F54LWHZC,2025-05-30
https://www.amazon.com/dp/B0F732QGZ9,2025-06-30
https://www.amazon.com/dp/B0FCDRDQMP,2025-08-31
https://www.amazon.com/dp/B0FCDTV89W,2025-08-31
https://www.amazon.com/dp/B0FCG16X5N,2025-07-31
https://www.amazon.com/dp/B0FCG4YT33,2025-06-08
https://www.amazon.com/dp/B0FDQJNM2M,2025-07-31
https://www.amazon.com/dp/B0FFZNW3Z2,2025-07-31
https://www.amazon.com/dp/B0FKWJPLKT,2025-08-31
https://www.amazon.com/dp/B0FKWLW5RB,2025-09-30
https://www.amazon.com/dp/B0FKZ3GDQ8,2025-08-01
https://www.amazon.com/dp/B0FKZ3P1HD,2025-08-01
https://www.amazon.com/dp/B0FKZ7N4GB,2025-08-22
https://www.amazon.com/dp/B0FLX2FS21,2025-08-10
https://www.amazon.com/dp/B0FLX5FMZ1,2025-09-26
https://www.amazon.com/dp/B0FLX67W7V,2025-10-31
https://www.amazon.com/dp/B0FLYHVK1M,2025-11-30
https://www.amazon.com/dp/B0FLYM76TF,2025-08-11
https://www.amazon.com/dp/B0FM7N761R,2025-10-31
https://www.amazon.com/dp/B0FPB2XNKC,2025-09-30
https://www.amazon.com/dp/B0FPB6PXQZ,2025-09-30
https://www.amazon.com/dp/B0FPCH3KFD,2025-11-30
https://www.amazon.com/dp/B0FQDYW5HQ,2025-09-09
https://www.amazon.com/dp/B0FQPPW151,2025-10-14
https://www.audible.co.jp/pd/Reincarnated-as-the-Last-of-My-Kind-Volume-1-%E3%82%AA%E3%83%BC%E3%83%87%E3%82%A3%E3%82%AA%E3%83%96%E3%83%83%E3%82%AF/B09CVBQJKF,2021-09-14
https://www.audible.co.jp/pd/Reincarnated-as-the-Last-of-My-Kind-Volume-2-%E3%82%AA%E3%83%BC%E3%83%87%E3%82%A3%E3%82%AA%E3%83%96%E3%83%83%E3%82%AF/B09CR8XLD2,2021-11-16
https://www.audible.co.jp/pd/Reset-The-Imprisoned-Princess-Dreams-of-Another-Chance-%E3%82%AA%E3%83%BC%E3%83%87%E3%82%A3%E3%82%AA%E3%83%96%E3%83%83%E3%82%AF/B09GHX2RJX,2021-10-12
https://www.audible.co.uk/pd/Reincarnated-as-the-Last-of-My-Kind-Volume-1-Audiobook/B09CVB3RZZ,2021-09-14
https://www.audible.co.uk/pd/Reincarnated-as-the-Last-of-My-Kind-Volume-2-Audiobook/B09CR79K2M,2021-11-16
https://www.audible.co.uk/pd/Reset-The-Imprisoned-Princess-Dreams-of-Another-Chance-Audiobook/B09GHQTCRB,2021-10-12
https://www.audible.com/pd/Apocalypse-Bringer-Mynoghra-World-Conquest-Starts-with-the-Civilization-of-Ruin-Audiobook/B09TMTFVNK,2022-03-22
https://www.audible.com/pd/Apocalypse-Bringer-Mynoghra-World-Conquest-Starts-with-the-Civilization-of-Ruin-Vol-3-Audiobook/B0B3KJNG94,2022-07-12
https://www.audible.com/pd/Apocalypse-Bringer-Mynoghra-World-Conquest-Starts-with-the-Civilization-of-Ruin-Vol-4-Audiobook/B0BZJKZ4BW,2023-04-25
https://www.audible.com/pd/Apocalypse-Bringer-Mynoghra-World-Conquest-Starts-with-the-Civilization-of-Ruin-Vol-5-Audiobook/B0CNKW32LR,2023-12-26
https://www.audible.com/pd/Apocalypse-Bringer-Mynoghra-World-Conquest-Starts-with-the-Civilization-of-Ruin-Vol-6-Audiobook/B0DHSR4N6Z,2024-10-22
https://www.audible.com/pd/Even-Dogs-Go-to-Other-Worlds-Life-in-Another-World-with-My-Beloved-Hound-Vol-1-Audiobook/B0BLF1WPFP,2022-11-15
https://www.audible.com/pd/Even-Dogs-Go-to-Other-Worlds-Life-in-Another-World-with-My-Beloved-Hound-Vol-2-Audiobook/B0BNP4TVTK,2023-01-17
https://www.audible.com/pd/Even-Dogs-Go-to-Other-Worlds-Life-in-Another-World-with-My-Beloved-Hound-Vol-3-Audiobook/B0C3F1R8HL,2023-05-30
https://www.audible.com/pd/Even-Dogs-Go-to-Other-Worlds-Life-in-Another-World-with-My-Beloved-Hound-Vol-4-Audiobook/B0DD55R3C8,2024-09-17
https://www.audible.com/pd/Even-Dogs-Go-to-Other-Worlds-Life-in-Another-World-with-My-Beloved-Hound-Vol-5-Audiobook/B0FQQCPG65,2025-10-14
https://www.audible.com/pd/Id-Rather-Have-a-Cat-than-a-Harem-Reincarnated-into-the-World-of-an-Otome-Game-as-a-Cat-Loving-Villainess-Vol-2-Audiobook/B0BPTQ35PG,2023-01-31
https://www.audible.com/pd/Id-Rather-Have-a-Cat-than-a-Harem-Reincarnated-into-the-World-of-an-Otome-Game-as-a-Cat-Loving-Villainess-Vol1-Audiobook/B0B6254B9V,2022-08-16
https://www.audible.com/pd/Reincarnated-as-the-Last-of-My-Kind-Volume-1-Audiobook/B09CV9H58L,2021-09-14
https://www.audible.com/pd/Reincarnated-as-the-Last-of-My-Kind-Volume-2-Audiobook/B09CR59S98,2021-11-16
https://www.audible.com/pd/Reincarnated-as-the-Last-of-My-Kind-Volume-3-Audiobook/B09PRTWYZD,2022-02-01
https://www.audible.com/pd/Reincarnated-as-the-Last-of-My-Kind-Volume-4-Audiobook/B0BN4NGXTJ,2023-01-03
https://www.audible.com/pd/Reincarnated-as-the-Last-of-My-Kind-Volume-5-Audiobook/B0CKKBZY1J,2023-11-07
https://www.audible.com/pd/Reincarnated-as-the-Last-of-My-Kind-Volume-6-Audiobook/B0DN2XJSNY,2024-12-24
https://www.audible.com/pd/Reset-The-Imprisoned-Princess-Dreams-of-Another-Chance-Audiobook/B09GHTL369,2021-10-12
https://www.audible.com/pd/Reset-The-Imprisoned-Princess-Dreams-of-Another-Chance-Vol-2-Audiobook/B09Q6MDMHS,2022-02-08
https://www.audible.com/pd/So-You-Want-to-Live-the-Slow-Life-A-Guide-to-Life-in-the-Beastly-Wilds-Vol-1-Audiobook/B0B2BSVBCR,2022-07-05
https://www.audible.com/pd/So-You-Want-to-Live-the-Slow-Life-A-Guide-to-Life-in-the-Beastly-Wilds-Vol-2-Audiobook/B0C11HCF79,2023-05-02
https://www.audible.com/pd/So-You-Want-to-Live-the-Slow-Life-A-Guide-to-Life-in-the-Beastly-Wilds-Vol-3-Audiobook/B0D7QR2G3L,2024-07-23
https://www.audible.com/pd/So-You-Want-to-Live-the-Slow-Life-A-Guide-to-Life-in-the-Beastly-Wilds-Vol-4-Audiobook/B0DZPW7ZYJ,2025-04-08
https://www.audible.com/pd/The-Dragons-Soulmate-Is-a-Mushroom-Princess-Vol-1-Audiobook/B0CD875841,2023-09-05
https://www.audible.com/pd/The-Dragons-Soulmate-Is-a-Mushroom-Princess-Vol-2-Audiobook/B0CKV2JKJG,2023-11-14
https://www.audible.com/pd/The-Dragons-Soulmate-Is-a-Mushroom-Princess-Vol-3-Audiobook/B0CNTY7LVH,2024-01-02
https://www.audible.com/pd/The-Dragons-Soulmate-Is-a-Mushroom-Princess-Vol-4-Audiobook/B0DRLJRNSV,2025-02-04
https://www.audible.com/pd/World-Conquest-Starts-with-the-Civilization-of-Ruin-Audiobook/B09XJJ14L6,2022-05-17
https://www.audible.de/pd/Reincarnated-as-the-Last-of-My-Kind-Volume-1-Hoerbuch/B09CV8XBWR,2021-09-14
https://www.audible.de/pd/Reincarnated-as-the-Last-of-My-Kind-Volume-2-Hoerbuch/B09CR54HV8,2021-11-16
https://www.audible.de/pd/Reset-The-Imprisoned-Princess-Dreams-of-Another-Chance-Hoerbuch/B09GHR1L5Y,2021-10-12
https://www.barnesandnoble.com/w/a-young-lady-finds-her-true-calling-living-with-the-enemy-vol1-kashi-kamitoma/1144267281?ean=2940186081968,2023-11-30
https://www.barnesandnoble.com/w/a-young-lady-finds-her-true-calling-living-with-the-enemy-vol2-syuu/1145168577?ean=2940185867259,2024-03-29
https://www.barnesandnoble.com/w/akaoni-hiroro/1126897798?ean=2940158589003,2017-07-31
https://www.barnesandnoble.com/w/another-worlds-zombie-apocalypse-is-not-my-problem-fuyuki/1131804886?ean=2940161298800,2019-05-31
https://www.barnesandnoble.com/w/another-worlds-zombie-apocalypse-is-not-my-problem-haru-yayari/1136792492?ean=9781945341403,2019-09-08
https://www.barnesandnoble.com/w/another-worlds-zombie-apocalypse-is-not-my-problem-volume-2-haru-yayari/1138360520?ean=2940163083183,2020-11-25
https://www.barnesandnoble.com/w/apocalypse-bringer-mynoghra-fehu-kazuno/1139732117?ean=2940162285212,2021-06-30
https://www.barnesandnoble.com/w/apocalypse-bringer-mynoghra-volume-2-fehu-kazuno/1140524048?ean=2940160965185,2021-11-19
https://www.barnesandnoble.com/w/apocalypse-bringer-mynoghra-volume-3-fehu-kazuno/1141368075?ean=2940160947235,2022-04-22
https://www.barnesandnoble.com/w/apocalypse-bringer-mynoghra-volume-4-fehu-kazuno/1142762526?ean=2940186654063,2022-11-30
https://www.barnesandnoble.com/w/apocalypse-bringer-mynoghra-volume-5-jun/1143701420?ean=2940160867632,2023-06-30
https://www.barnesandnoble.com/w/apocalypse-bringer-mynoghra-volume-6-fehu-kazuno/1145168579?ean=2940185867266,2024-03-29
https://www.barnesandnoble.com/w/apocalypse-bringer-mynoghra-volume-7-fehu-kazuno/1147920429?ean=2940184594163,2025-07-31
https://www.barnesandnoble.com/w/as-the-villainess-i-reject-these-happy-bad-endings-iota-aiue/1138786712?ean=2940162595960,2021-02-12
https://www.barnesandnoble.com/w/ayakashi-and-the-fairy-tales-we-tell-ourselves-kosuzu-kobato/1146332568?ean=2940186118619,2024-09-30
https://www.barnesandnoble.com/w/ayakashi-moving-service-makino-maebaru/1148358474?ean=2940184626574,2025-09-30
https://www.barnesandnoble.com/w/beast-blood-sato-fumino/1130697582?ean=2940161174463,2019-02-28
https://www.barnesandnoble.com/w/beast-blood-volume-2-sato-fumino/1137557025?ean=2940162816409,2020-08-31
https://www.barnesandnoble.com/w/by-a-twist-of-fate-im-attending-the-royal-academy-in-disguise-vol1-ringo/1145659110?ean=2940185717974,2024-05-31
https://www.barnesandnoble.com/w/by-a-twist-of-fate-im-attending-the-royal-academy-in-disguise-vol2-ringo/1146210512?ean=2940186171959,2024-08-31
https://www.barnesandnoble.com/w/dawn-of-the-mapmaker-akira-nashiki/1129208988?ean=2940161642948,2018-07-31
https://www.barnesandnoble.com/w/dinners-with-my-darling-mugi-mameta/1146888482?ean=2940184402529,2025-01-31
https://www.barnesandnoble.com/w/dinners-with-my-darling-mugi-mameta/1147315616?ean=2940184356174,2025-04-30
https://www.barnesandnoble.com/w/emeth-souki-tsukishima/1129805833?ean=2940161863282,2018-11-05
https://www.barnesandnoble.com/w/even-dogs-go-to-other-worlds-mittt-liu/1142097745?ean=2940186762324,2022-08-31
https://www.barnesandnoble.com/w/even-dogs-go-to-other-worlds-mittt-liu/1142988114?ean=2940186590910,2023-01-31
https://www.barnesandnoble.com/w/even-dogs-go-to-other-worlds-ryuuou/1141267228?ean=2940161031780,2022-03-31
https://www.barnesandnoble.com/w/even-dogs-go-to-other-worlds-ryuuou/1141267228?ean=2940165731174,2023-05-23
https://www.barnesandnoble.com/w/even-dogs-go-to-other-worlds-ryuuou/1141267228?ean=9781685797027,2023-05-23
https://www.barnesandnoble.com/w/even-dogs-go-to-other-worlds-ryuuou/1144264598?ean=2940167594609,2024-10-22
https://www.barnesandnoble.com/w/even-dogs-go-to-other-worlds-ryuuou/1144264598?ean=2940185865699,2024-02-29
https://www.barnesandnoble.com/w/even-dogs-go-to-other-worlds-ryuuou/1144264598?ean=9798888438084,2024-10-22
https://www.barnesandnoble.com/w/even-dogs-go-to-other-worlds-ryuuou/1146395989?ean=2940181004580,2025-07-08
https://www.barnesandnoble.com/w/even-dogs-go-to-other-worlds-ryuuou/1146395989?ean=2940184306735,2024-12-31
https://www.barnesandnoble.com/w/even-dogs-go-to-other-worlds-ryuuou/1146395989?ean=9798893733273,2025-07-08
https://www.barnesandnoble.com/w/expedition-cooking-with-the-enoch-royal-knights-vol-1-mashimesa-emoto/1141888497?ean=2940185768068,2022-07-29
https://www.barnesandnoble.com/w/expedition-cooking-with-the-enoch-royal-knights-vol-2-mashimesa-emoto/1142988130?ean=2940186590927,2023-01-31
https://www.barnesandnoble.com/w/expedition-cooking-with-the-enoch-royal-knights-vol-3-mashimesa-emoto/1143835435?ean=2940160926353,2023-07-31
https://www.barnesandnoble.com/w/expedition-cooking-with-the-enoch-royal-knights-vol-4-mashimesa-emoto/1144963583?ean=2940185865712,2024-02-29
https://www.barnesandnoble.com/w/expedition-cooking-with-the-enoch-royal-knights-vol-5-mashimesa-emoto/1146468759?ean=2940184718460,2024-10-31
https://www.barnesandnoble.com/w/expedition-cooking-with-the-enoch-royal-knights-vol-6-tera-akai/1147186291?ean=2940184669830,2025-03-31
https://www.barnesandnoble.com/w/expedition-cooking-with-the-enoch-royal-knights-vol-7-mashimesa-emoto/1148347308?ean=2940184570129,2025-09-30
https://www.barnesandnoble.com/w/fluffy-paradise-volume-1-victoria-kasahara/1144118671?ean=2940186200796,2023-09-29
https://www.barnesandnoble.com/w/fluffy-paradise-volume-2-victoria-kasahara/1144261478?ean=2940186080695,2023-11-30
https://www.barnesandnoble.com/w/fluffy-paradise-volume-3-himawari/1144726148?ean=2940185862407,2024-01-31
https://www.barnesandnoble.com/w/fluffy-paradise-volume-4-himawari/1145507196?ean=2940185880531,2024-04-30
https://www.barnesandnoble.com/w/fluffy-paradise-volume-5-himawari/1146336394?ean=2940186219606,2024-09-30
https://www.barnesandnoble.com/w/fluffy-paradise-volume-6-himawari/1146738159?ean=2940184306254,2024-12-31
https://www.barnesandnoble.com/w/fluffy-paradise-volume-7-himawari/1147186186?ean=2940184669816,2025-03-31
https://www.barnesandnoble.com/w/hello-i-am-a-witch-and-my-crush-wants-me-to-make-a-love-potion-eiko-mutsuhana/1137240649?ean=2940162868026,2020-06-30
https://www.barnesandnoble.com/w/hello-i-am-a-witch-and-my-crush-wants-me-to-make-a-love-potion-vol-2-eiko-mutsuhana/1138688754?ean=2940162333432,2021-01-29
https://www.barnesandnoble.com/w/hey-youve-kidnapped-the-wrong-royal-takumi-otaki/1138997196?ean=2940162308263,2021-03-15
https://www.barnesandnoble.com/w/how-i-became-king-by-eating-monsters-volume-1-daken/1146595496?ean=2940184749686,2024-11-30
https://www.barnesandnoble.com/w/how-i-became-king-by-eating-monsters-volume-2-daken/1147315621?ean=2940184356181,2025-04-30
https://www.barnesandnoble.com/w/how-i-became-king-by-eating-monsters-volume-3-daken/1148104371?ean=2940184742533,2025-08-31
https://www.barnesandnoble.com/w/how-i-swapped-places-with-the-villainess-beat-up-her-fianc-and-found-true-love-vol1-blueblue/1146469758?ean=2940184718514,2024-10-31
https://www.barnesandnoble.com/w/how-i-swapped-places-with-the-villainess-beat-up-her-fiance-and-found-true-love-vol2-blueblue/1146888542?ean=2940184402543,2025-01-31
https://www.barnesandnoble.com/w/i-became-the-secretary-of-a-hero-tsukasa-yamazaki/1127165411?ean=2940158969683,2017-09-30
https://www.barnesandnoble.com/w/i-became-the-secretary-of-a-hero-volume-2-tsukasa-yamazaki/1135819963?ean=2940163144075,2019-12-31
https://www.barnesandnoble.com/w/i-became-the-secretary-of-a-hero-volume-3-tsukasa-yamazaki/1137953679?ean=2940163053483,2020-10-23
https://www.barnesandnoble.com/w/i-guess-this-dragon-who-lost-her-egg-to-disaster-is-my-mom-now-volume-1-suzume-kirisaki/1144261475?ean=2940186203971,2023-10-31
https://www.barnesandnoble.com/w/i-guess-this-dragon-who-lost-her-egg-to-disaster-is-my-mom-now-volume-2-suzume-kirisaki/1145559843?ean=2940186110286,2024-05-12
https://www.barnesandnoble.com/w/i-reincarnated-as-evil-alice-so-the-only-thing-im-courting-is-death-chii-kurusu/1138461885?ean=2940162996668,2020-12-18
https://www.barnesandnoble.com/w/i-reincarnated-as-evil-alice-so-the-only-thing-im-courting-is-death-vol-2-chii-kurusu/1141387321?ean=2940161033722,2022-04-29
https://www.barnesandnoble.com/w/i-reincarnated-as-evil-alice-so-the-only-thing-im-courting-is-death-vol-3-chii-kurusu/1145507611?ean=2940185637968,2024-04-30
https://www.barnesandnoble.com/w/i-want-to-be-a-saint-but-i-can-only-use-attack-magic-volume-1-fuyu-aoki/1147699440?ean=2940184737966,2025-06-30
https://www.barnesandnoble.com/w/id-rather-have-a-cat-than-a-harem-reincarnated-into-the-world-of-an-otome-game-as-a-cat-loving-villainess-vol1-kosuzu-kobato/1140863027?ean=2940161025789,2022-01-14
https://www.barnesandnoble.com/w/id-rather-have-a-cat-than-a-harem-reincarnated-into-the-world-of-an-otome-game-as-a-cat-loving-villainess-vol2-kosuzu-kobato/1142423336?ean=2940185591758,2022-10-07
https://www.barnesandnoble.com/w/ill-use-this-do-over-to-become-the-ideal-ladys-maid-saki-ichibu/1143828965?ean=2940160897639,2023-07-31
https://www.barnesandnoble.com/w/labyrinth-angel-nao-tamaki/1134224840?ean=2940161077665,2019-06-30
https://www.barnesandnoble.com/w/lets-get-to-villainessin-hiironoame/1146064443?ean=2940186169697,2024-07-31
https://www.barnesandnoble.com/w/lets-get-to-villainessin-hiironoame/1146888651?ean=2940184402567,2025-01-31
https://www.barnesandnoble.com/w/little-princess-in-fairy-forest-tsubaki-tokino/1128801237?ean=2940162128939,2018-05-31
https://www.barnesandnoble.com/w/love-magic-academy-vol1-toyozo-okamura/1146913871?ean=2940184453750,2025-02-14
https://www.barnesandnoble.com/w/lovestruck-prince-ill-fight-the-heroine-for-my-villainess-fianc-e-volume-1-shakushineko/1143385958?ean=2940160777399,2023-04-28
https://www.barnesandnoble.com/w/lovestruck-prince-ill-fight-the-heroine-for-my-villainess-fianc-e-volume-2-mittt-liu/1143829258?ean=2940160897653,2023-07-31
https://www.barnesandnoble.com/w/lovestruck-prince-ill-fight-the-heroine-for-my-villainess-fianc-e-volume-3-shakushineko/1145884663?ean=2940185696293,2024-06-30
https://www.barnesandnoble.com/w/making-jam-in-the-woods-kosuzu-kobato/1144262479?ean=2940186080725,2023-10-31
https://www.barnesandnoble.com/w/making-jam-in-the-woods-kosuzu-kobato/1144728756?ean=2940185862650,2024-01-31
https://www.barnesandnoble.com/w/making-jam-in-the-woods-kosuzu-kobato/1145507309?ean=2940185637890,2024-04-30
https://www.barnesandnoble.com/w/mia-and-the-forbidden-medicine-report-nitaka/1128566814?ean=2940159132109,2018-04-30
https://www.barnesandnoble.com/w/mia-and-the-forbidden-medicine-report-vol2-fumi-yamamoto/1139898114?ean=2940162461968,2021-07-30
https://www.barnesandnoble.com/w/my-favorite-song-the-silver-siren-kairi-aragusuku/1123818167?ean=2940158391453,2016-05-16
https://www.barnesandnoble.com/w/obsessions-of-an-otome-gamer-natsu/1128200770?ean=2940159027740,2018-03-16
https://www.barnesandnoble.com/w/obsessions-of-an-otome-gamer-natsu/1137528166?ean=9781945341335,2020-03-11
https://www.barnesandnoble.com/w/obsessions-of-an-otome-gamer-natsu/1137528351?ean=9781945341342,2020-03-11
https://www.barnesandnoble.com/w/obsessions-of-an-otome-gamer-volume-2-natsu/1131324279?ean=2940161425015,2019-04-24
https://www.barnesandnoble.com/w/of-dragons-and-fae-tsukasa-mikuni/1134222536?ean=2940161077627,2019-11-12
https://www.barnesandnoble.com/w/of-dragons-and-fae-tsukasa-mikuni/1137500990?ean=9781945341397,2020-07-20
https://www.barnesandnoble.com/w/onmyoji-and-tengu-eyes-yoshiko-utamine/1141675606?ean=2940185729816,2022-06-27
https://www.barnesandnoble.com/w/onmyoji-and-tengu-eyes-yoshiko-utamine/1143117725?ean=2940186514480,2023-02-27
https://www.barnesandnoble.com/w/onmyoji-and-tengu-eyes-yoshiko-utamine/1144963531?ean=2940185865729,2024-02-29
https://www.barnesandnoble.com/w/past-life-countess-present-life-otome-game-npc-sorahoshi/1137559396?ean=2940162816577,2020-09-11
https://www.barnesandnoble.com/w/rapunzel-of-the-magic-item-shop-hiyoko-kurisu/1141449604?ean=2940160804606,2022-05-31
https://www.barnesandnoble.com/w/reflection-of-another-world-volume-1-haruko-kurimoto/1141116842?ean=2940160713960,2022-03-11
https://www.barnesandnoble.com/w/reincarnated-as-the-last-of-my-kind-vol-3-kiri-komori/1140405440?ean=2940161049785,2021-10-25
https://www.barnesandnoble.com/w/reincarnated-as-the-last-of-my-kind-vol-4-kiri-komori/1141780442?ean=2940186796831,2022-07-18
https://www.barnesandnoble.com/w/reincarnated-as-the-last-of-my-kind-vol-5-kiri-komori/1143117795?ean=2940186514527,2023-02-28
https://www.barnesandnoble.com/w/reincarnated-as-the-last-of-my-kind-vol-6-kiri-komori/1145168575?ean=2940185867211,2024-03-29
https://www.barnesandnoble.com/w/reincarnated-as-the-last-of-my-kind-volume-1-kiri-komori/1138489602?ean=2940163086061,2020-12-21
https://www.barnesandnoble.com/w/reincarnated-as-the-last-of-my-kind-volume-2-kiri-komori/1139397752?ean=2940162543534,2021-05-03
https://www.barnesandnoble.com/w/reset-the-imprisoned-princess-dreams-of-another-chance-kei-misawa/1138580469?ean=2940162969426,2021-01-14
https://www.barnesandnoble.com/w/reset-the-imprisoned-princess-dreams-of-another-chance-vol-2-kei-misawa/1140677246?ean=2940160850764,2021-12-10
https://www.barnesandnoble.com/w/return-from-death-eiko-mutsuhana/1140209173?ean=2940162614340,2021-09-30
https://www.barnesandnoble.com/w/return-from-death-eiko-mutsuhana/1143255699?ean=2940186262329,2023-03-31
https://www.barnesandnoble.com/w/revolutionary-reprise-of-the-blue-rose-princess-vol1-jc/1143253800?ean=2940186262220,2023-03-28
https://www.barnesandnoble.com/w/revolutionary-reprise-of-the-blue-rose-princess-vol2-roku-kaname/1143987411?ean=2940186198161,2023-08-31
https://www.barnesandnoble.com/w/revolutionary-reprise-of-the-blue-rose-princess-vol3-roku-kaname/1144527600?ean=2940186020370,2023-12-29
https://www.barnesandnoble.com/w/rising-from-ashes-makino-maebaru/1143987239?ean=2940186198147,2023-08-31
https://www.barnesandnoble.com/w/rising-from-ashes-makino-maebaru/1145507708?ean=2940185638033,2024-04-30
https://www.barnesandnoble.com/w/romance-of-the-imperial-capital-kotogami-evie-lund/1139540722?ean=2940162196976,2021-05-31
https://www.barnesandnoble.com/w/root-double-before-crime-after-days-after-souki-tsukishima/1133825780?ean=2940160785646,2019-09-30
https://www.barnesandnoble.com/w/since-i-was-abandoned-after-reincarnating-i-will-cook-with-my-fluffy-friends-vol3-yu-sakurai/1140564326?ean=2940161141359,2021-11-30
https://www.barnesandnoble.com/w/since-i-was-abandoned-after-reincarnating-i-will-cook-with-my-fluffy-friends-vol4-yu-sakurai/1141711914?ean=2940185766996,2022-06-30
https://www.barnesandnoble.com/w/since-i-was-abandoned-after-reincarnating-i-will-cook-with-my-fluffy-friends-vol5-yu-sakurai/1143549162?ean=2940160864945,2023-05-31
https://www.barnesandnoble.com/w/since-i-was-abandoned-after-reincarnating-i-will-cook-with-my-fluffy-friends-vol6-yu-sakurai/1146739277?ean=2940184306742,2024-12-31
https://www.barnesandnoble.com/w/since-i-was-abandoned-after-reincarnating-i-will-cook-with-my-fluffy-friends-yu-sakurai/1139199376?ean=2940162338345,2021-04-15
https://www.barnesandnoble.com/w/since-i-was-abandoned-after-reincarnating-i-will-cook-with-my-fluffy-friends-yu-sakurai/1140023128?ean=2940162463542,2021-08-20
https://www.barnesandnoble.com/w/so-you-want-to-live-the-slow-life-a-guide-to-life-in-the-beastly-wilds-vol-1-fuurou/1141041914?ean=2940160914022,2022-02-28
https://www.barnesandnoble.com/w/so-you-want-to-live-the-slow-life-a-guide-to-life-in-the-beastly-wilds-vol-2-fuurou/1142688839?ean=2940185673539,2022-11-30
https://www.barnesandnoble.com/w/so-you-want-to-live-the-slow-life-a-guide-to-life-in-the-beastly-wilds-vol-3-yuki-nekozuki/1144267196?ean=2940186081883,2023-11-30
https://www.barnesandnoble.com/w/so-you-want-to-live-the-slow-life-a-guide-to-life-in-the-beastly-wilds-vol-4-fuurou/1146210504?ean=2940186171966,2024-08-31
https://www.barnesandnoble.com/w/so-you-want-to-live-the-slow-life-a-guide-to-life-in-the-beastly-wilds-vol5-fuurou/1147919494?ean=2940184594262,2025-07-31
https://www.barnesandnoble.com/w/soup-forest-syuu/1145881794?ean=2940185696125,2024-06-30
https://www.barnesandnoble.com/w/soup-forest-syuu/1146595274?ean=2940184749648,2024-11-30
https://www.barnesandnoble.com/w/surviving-in-another-world-as-a-villainess-fox-girl-volume-1-mucha/1142352147?ean=2940186434542,2022-09-30
https://www.barnesandnoble.com/w/surviving-in-another-world-as-a-villainess-fox-girl-volume-2-riia-ai/1144119207?ean=2940186200857,2023-09-29
https://www.barnesandnoble.com/w/the-abandoned-heiress-gets-rich-with-alchemy-and-scores-an-enemy-general-piyo/1142989120?ean=2940186591047,2023-01-31
https://www.barnesandnoble.com/w/the-abandoned-heiress-gets-rich-with-alchemy-and-scores-an-enemy-general-volume-2-miyako-tsukahara/1144727825?ean=2940185862476,2024-01-31
https://www.barnesandnoble.com/w/the-abandoned-heiress-gets-rich-with-alchemy-and-scores-an-enemy-general-volume-3-miyako-tsukahara/1146064606?ean=2940186169710,2024-07-31
https://www.barnesandnoble.com/w/the-champions-of-justice-and-the-supreme-ruler-of-evil-kaede-kikyou/1129483030?ean=2940161594100,2018-09-10
https://www.barnesandnoble.com/w/the-champions-of-justice-and-the-supreme-ruler-of-evil-kaede-kikyou/1129483030?ean=9781945341236,2019-07-03
https://www.barnesandnoble.com/w/the-cursed-princess-and-the-lucky-knight-uta-narusawa/1129981447?ean=2940161246801,2018-12-10
https://www.barnesandnoble.com/w/the-do-over-damsel-conquers-the-dragon-emperor-sarasa-nagase/1148347320?ean=2940184570365,2025-09-30
https://www.barnesandnoble.com/w/the-do-over-damsel-conquers-the-dragon-emperor-vol-1-sarasa-nagase/1143253793?ean=9781975360429,2023-09-19
https://www.barnesandnoble.com/w/the-do-over-damsel-conquers-the-dragon-emperor-vol-1-sarasa-nagase/1143253793?ean=9781975360436,2023-09-19
https://www.barnesandnoble.com/w/the-do-over-damsel-conquers-the-dragon-emperor-vol-4-sarasa-nagase/1144964203?ean=9781975389697,2024-08-27
https://www.barnesandnoble.com/w/the-do-over-damsel-conquers-the-dragon-emperor-vol-4-sarasa-nagase/1144964203?ean=9781975389703,2024-08-27
https://www.barnesandnoble.com/w/the-do-over-damsel-conquers-the-dragon-emperor-vol-5-sarasa-nagase/1146209630?ean=9781975394769,2025-03-25
https://www.barnesandnoble.com/w/the-do-over-damsel-conquers-the-dragon-emperor-vol-5-sarasa-nagase/1146209630?ean=9781975394776,2025-03-25
https://www.barnesandnoble.com/w/the-do-over-damsel-conquers-the-dragon-emperor-vol-6-sarasa-nagase/1146338395?ean=9798855403978,2025-10-21
https://www.barnesandnoble.com/w/the-do-over-damsel-conquers-the-dragon-emperor-vol-6-sarasa-nagase/1146338395?ean=9798855403985,2025-10-21
https://www.barnesandnoble.com/w/the-do-over-damsel-conquers-the-dragon-emperor-vol-7-sarasa-nagase/1147699441?ean=9798855419146,2026-04-28
https://www.barnesandnoble.com/w/the-do-over-damsel-conquers-the-dragon-emperor-vol1-sarasa-nagase/1143253793?ean=2940186262190,2023-03-28
https://www.barnesandnoble.com/w/the-do-over-damsel-conquers-the-dragon-emperor-vol2-piyo/1143701091?ean=2940160867588,2023-06-30
https://www.barnesandnoble.com/w/the-do-over-damsel-conquers-the-dragon-emperor-vol3-piyo/1144119201?ean=2940186200918,2023-09-29
https://www.barnesandnoble.com/w/the-do-over-damsel-conquers-the-dragon-emperor-vol4-sarasa-nagase/1144964203?ean=2940185717950,2024-05-31
https://www.barnesandnoble.com/w/the-do-over-damsel-conquers-the-dragon-emperor-vol5-sarasa-nagase/1146209630?ean=2940186171850,2024-08-30
https://www.barnesandnoble.com/w/the-do-over-damsel-conquers-the-dragon-emperor-vol6-sarasa-nagase/1146338395?ean=2940186219811,2024-09-30
https://www.barnesandnoble.com/w/the-do-over-damsel-conquers-the-dragon-emperor-vol7-sarasa-nagase/1147699441?ean=2940184737980,2025-06-30
https://www.barnesandnoble.com/w/the-drab-princess-the-black-cat-and-the-satisfying-break-up-vol-1-rino-mayumi/1141744782?ean=2940186750796,2022-07-08
https://www.barnesandnoble.com/w/the-drab-princess-the-black-cat-and-the-satisfying-break-up-vol-2-rino-mayumi/1142857754?ean=2940186586098,2022-12-21
https://www.barnesandnoble.com/w/the-drab-princess-the-black-cat-and-the-satisfying-break-up-vol-3-rino-mayumi/1144119196?ean=2940186200901,2023-09-29
https://www.barnesandnoble.com/w/the-drab-princess-the-black-cat-and-the-satisfying-break-up-vol-5-rino-mayumi/1147038308?ean=2940184456171,2025-02-28
https://www.barnesandnoble.com/w/the-drab-princess-the-black-cat-and-the-satisfying-break-up-vol4-rino-mayumi/1144529507?ean=2940186020608,2023-12-29
https://www.barnesandnoble.com/w/the-dragons-soulmate-is-a-mushroom-princess-vol1-hanami-nishine/1141449570?ean=2940160804521,2022-05-16
https://www.barnesandnoble.com/w/the-dragons-soulmate-is-a-mushroom-princess-vol2-poporucha/1142888976?ean=2940186720911,2022-12-30
https://www.barnesandnoble.com/w/the-dragons-soulmate-is-a-mushroom-princess-vol3-hanami-nishine/1143987030?ean=2940186198123,2023-08-31
https://www.barnesandnoble.com/w/the-dragons-soulmate-is-a-mushroom-princess-vol4-hanami-nishine/1146333698?ean=2940186118732,2024-09-30
https://www.barnesandnoble.com/w/the-eccentric-master-and-the-fake-lover-roka-sayuki/1129439538?ean=2940161678572,2018-08-31
https://www.barnesandnoble.com/w/the-eccentric-master-and-the-fake-lover-vol-2-roka-sayuki/1136536468?ean=2940162657156,2020-02-28
https://www.barnesandnoble.com/w/the-former-assassin-who-got-reincarnated-as-a-noble-girl-vol1-satsuki-otonashi/1146064262?ean=2940186169673,2024-07-31
https://www.barnesandnoble.com/w/the-former-assassin-who-got-reincarnated-as-a-noble-girl-vol2-satsuki-otonashi/1146595117?ean=2940184749624,2024-11-30
https://www.barnesandnoble.com/w/the-frugal-priestess-becomes-a-saint-hanami-nishine/1146469791?ean=2940184718545,2024-10-31
https://www.barnesandnoble.com/w/the-hired-heroine-wants-the-villainess-to-gloat-hanami-nishine/1147700902?ean=2940184737997,2025-07-31
https://www.barnesandnoble.com/w/the-inconvenient-life-of-an-arousing-priestess-makino-maebaru/1143117751?ean=2940186514503,2023-02-28
https://www.barnesandnoble.com/w/the-inconvenient-life-of-an-arousing-priestess-volume-2-makino-maebaru/1145879541?ean=2940185696224,2024-06-30
https://www.barnesandnoble.com/w/the-invisible-wallflower-marries-an-upstart-aristocrat-after-getting-dumped-for-her-sister-volume-1-makino-maebaru/1143549028?ean=2940160864846,2023-05-31
https://www.barnesandnoble.com/w/the-invisible-wallflower-marries-an-upstart-aristocrat-after-getting-dumped-for-her-sister-volume-2-makino-maebaru/1145659325?ean=2940185718001,2024-05-31
https://www.barnesandnoble.com/w/the-invisible-wallflower-marries-an-upstart-aristocrat-after-getting-dumped-for-her-sister-volume-3-makino-maebaru/1147315566?ean=2940184356150,2025-04-30
https://www.barnesandnoble.com/w/the-misfortune-devouring-witch-is-actually-a-vampire-kiiro-himawari/1136266805?ean=2940162943129,2020-01-31
https://www.barnesandnoble.com/w/the-princess-smile-yuuri-seo/1141984805?ean=2940186558200,2022-08-12
https://www.barnesandnoble.com/w/the-reincarnated-villainess-wont-seek-revenge-volume-1-akako/1143385955?ean=2940160777368,2023-04-28
https://www.barnesandnoble.com/w/the-reincarnated-villainess-wont-seek-revenge-volume-2-hazuki-futaba/1143829655?ean=2940160897707,2023-07-31
https://www.barnesandnoble.com/w/the-saints-belated-happiness-hari-garasumachi/1142224869?ean=2940185589410,2022-09-16
https://www.barnesandnoble.com/w/the-strongest-knight-is-actually-a-cross-dressing-noblewoman-hakuseki/1142578890?ean=2940185604731,2022-10-31
https://www.barnesandnoble.com/w/the-weakest-manga-villainess-wants-her-freedom-kazuki-karasawa/1137052929?ean=2940163010776,2020-05-22
https://www.barnesandnoble.com/w/the-weakest-manga-villainess-wants-her-freedom-kazuki-karasawa/1137052929?ean=9781945341533,2021-02-22
https://www.barnesandnoble.com/w/the-werewolf-count-and-the-trickster-tailor-volume-2-yuruka-morisaki/1140133331?ean=2940162611738,2021-09-10
https://www.barnesandnoble.com/w/the-werewolf-count-and-the-trickster-tailor-yuruka-morisaki/1132807037?ean=2940163180202,2019-08-05
https://www.barnesandnoble.com/w/the-werewolf-count-and-the-trickster-tailor-yuruka-morisaki/1132807037?ean=9781945341359,2020-07-09
https://www.barnesandnoble.com/w/third-loop-iota-aiue/1144262439?ean=2940186080664,2023-10-31
https://www.barnesandnoble.com/w/third-loop-iota-aiue/1145559892?ean=2940186110361,2024-05-31
https://www.barnesandnoble.com/w/third-loop-iota-aiue/1146595291?ean=2940184749655,2024-11-30
https://www.barnesandnoble.com/w/this-alluring-dark-elf-has-the-heart-of-a-middle-aged-man-vol1-yuhi-shimano/1147038309?ean=2940184456188,2025-03-31
https://www.barnesandnoble.com/w/too-strong-to-belong-banished-to-another-world-kazuki-karasawa/1146210205?ean=2940186171898,2024-08-31
https://www.barnesandnoble.com/w/welcome-to-monstrous-miss-sophies-enchanted-salon-of-healing-volume-1-sachi-konzome/1147319580?ean=2940184413143,2025-05-31
https://www.barnesandnoble.com/w/welcome-to-monstrous-miss-sophies-enchanted-salon-of-healing-volume-2-sachi-konzome/1148101155?ean=2940184742472,2025-08-31
https://www.barnesandnoble.com/w/welcome-to-olivias-magic-jewelers-volume-1-rinrin-yuki/1147319689?ean=2940184413136,2025-05-31
https://www.barnesandnoble.com/w/welcome-to-olivias-magic-jewelers-volume-2-rinrin-yuki/1148101280?ean=2940184742427,2025-08-31
