https://books.apple.com/us/book/id6443274618,2022-08-15
https://books.apple.com/us/book/id6443384687,2022-09-30
https://books.apple.com/us/book/id6444591463,2022-11-25
https://books.apple.com/us/book/id6445083266,2023-02-14
https://books.apple.com/us/book/id6445160433,2023-02-28
https://books.apple.com/us/book/id6448219593,2023-04-29
https://books.apple.com/us/book/id6449514460,2023-05-30
https://books.apple.com/us/book/id6450643716,2023-06-29
https://books.apple.com/us/book/id6454848617,2023-07-30
https://books.apple.com/us/book/id6462018454,2023-08-14
https://books.apple.com/us/book/id6463188871,2023-08-30
https://books.apple.com/us/book/id6466731941,2023-09-16
https://books.apple.com/us/book/id6467692845,2023-09-29
https://books.apple.com/us/book/id6470424155,2023-10-30
https://books.apple.com/us/book/id6473088937,2023-11-29
https://books.apple.com/us/book/id6473569443,2024-01-29
https://books.apple.com/us/book/id6474707816,2024-01-15
https://books.apple.com/us/book/id6475179199,2024-02-29
https://books.apple.com/us/book/id6475181780,2024-01-30
https://books.apple.com/us/book/id6475181856,2024-02-15
https://books.apple.com/us/book/id6477548910,2024-05-30
https://books.apple.com/us/book/id6477549059,2024-05-30
https://books.apple.com/us/book/id6478633054,2024-03-30
https://books.apple.com/us/book/id6499568054,2024-07-30
https://books.apple.com/us/book/id6502481806,2024-05-15
https://books.apple.com/us/book/id6502619514,2024-06-28
https://books.apple.com/us/book/id6504721165,2024-07-30
https://books.apple.com/us/book/id6504784603,2024-09-29
https://books.apple.com/us/book/id6670145598,2024-08-30
https://books.apple.com/us/book/id6736480836,2024-12-30
https://books.apple.com/us/book/id6736482906,2024-11-29
https://books.apple.com/us/book/id6736484810,2025-01-30
https://books.apple.com/us/book/id6736601628,2024-10-30
https://books.apple.com/us/book/id6739271620,2025-03-30
https://books.apple.com/us/book/id6742428903,2025-02-28
https://books.apple.com/us/book/id6743678426,2025-06-30
https://books.apple.com/us/book/id6747145216,2025-08-30
https://books.apple.com/us/book/id6747145653,2025-08-30
https://books.apple.com/us/book/id6747146174,2025-08-30
https://books.apple.com/us/book/id6747206105,2025-07-30
https://books.apple.com/us/book/id6749515315,2025-09-30
https://books.apple.com/us/book/id6749515391,2025-11-30
https://books.apple.com/us/book/id6749515448,2025-10-30
https://books.apple.com/us/book/id6752791626,2025-10-30
https://play.google.com/store/books/details?id=61vqEAAAQBAJ,2024-01-30
https://play.google.com/store/books/details?id=78PmEAAAQBAJ,2024-01-29
https://play.google.com/store/books/details?id=7aCLEAAAQBAJ,2022-09-30
https://play.google.com/store/books/details?id=8LgcEQAAQBAJ,2024-08-30
https://play.google.com/store/books/details?id=8iqIEQAAQBAJ,2025-10-30
https://play.google.com/store/books/details?id=8qBQEQAAQBAJ,2025-05-30
https://play.google.com/store/books/details?id=A1zXEAAAQBAJ,2023-09-15
https://play.google.com/store/books/details?id=AU7zEAAAQBAJ,2024-05-30
https://play.google.com/store/books/details?id=ArMnEQAAQBAJ,2024-10-30
https://play.google.com/store/books/details?id=CU7zEAAAQBAJ,2024-05-30
https://play.google.com/store/books/details?id=DQ3HEAAAQBAJ,2023-06-29
https://play.google.com/store/books/details?id=F5l2EQAAQBAJ,2025-10-30
https://play.google.com/store/books/details?id=F8XAEAAAQBAJ,2023-05-30
https://play.google.com/store/books/details?id=IwplEQAAQBAJ,2025-08-30
https://play.google.com/store/books/details?id=OY3rEAAAQBAJ,2024-02-15
https://play.google.com/store/books/details?id=RHhJEQAAQBAJ,2025-02-28
https://play.google.com/store/books/details?id=Rz0FEQAAQBAJ,2024-07-30
https://play.google.com/store/books/details?id=UQllEQAAQBAJ,2025-08-30
https://play.google.com/store/books/details?id=WztlEQAAQBAJ,2025-07-30
https://play.google.com/store/books/details?id=XNKvEAAAQBAJ,2023-02-28
https://play.google.com/store/books/details?id=YQIHEQAAQBAJ,2024-05-15
https://play.google.com/store/books/details?id=ZxMnEQAAQBAJ,2024-11-29
https://play.google.com/store/books/details?id=ah83EQAAQBAJ,2025-03-30
https://play.google.com/store/books/details?id=cpl2EQAAQBAJ,2025-11-30
https://play.google.com/store/books/details?id=csKAEAAAQBAJ,2022-08-15
https://play.google.com/store/books/details?id=dwTZEAAAQBAJ,2023-09-29
https://play.google.com/store/books/details?id=eRDfEAAAQBAJ,2023-10-30
https://play.google.com/store/books/details?id=ez0QEQAAQBAJ,2024-07-30
https://play.google.com/store/books/details?id=fT0QEQAAQBAJ,2024-09-29
https://play.google.com/store/books/details?id=iez3EAAAQBAJ,2024-03-30
https://play.google.com/store/books/details?id=jUehEAAAQBAJ,2023-02-14
https://play.google.com/store/books/details?id=kt7NEAAAQBAJ,2023-07-30
https://play.google.com/store/books/details?id=l37lEAAAQBAJ,2023-11-29
https://play.google.com/store/books/details?id=mVvqEAAAQBAJ,2024-01-15
https://play.google.com/store/books/details?id=oxEnEQAAQBAJ,2024-12-30
https://play.google.com/store/books/details?id=qtIOEQAAQBAJ,2024-06-28
https://play.google.com/store/books/details?id=riDREAAAQBAJ,2023-08-14
https://play.google.com/store/books/details?id=sxUnEQAAQBAJ,2025-01-30
https://play.google.com/store/books/details?id=u4zrEAAAQBAJ,2024-02-29
https://play.google.com/store/books/details?id=uvm6EAAAQBAJ,2023-04-29
https://play.google.com/store/books/details?id=uwllEQAAQBAJ,2025-08-30
https://play.google.com/store/books/details?id=vrTSEAAAQBAJ,2023-08-30
https://play.google.com/store/books/details?id=wPacEAAAQBAJ,2022-11-25
https://play.google.com/store/books/details?id=yph2EQAAQBAJ,2025-09-30
https://www.amazon.com/dp/B0B9CKLXRR,2022-08-15
https://www.amazon.com/dp/B0BHYDMPZD,2022-11-25
https://www.amazon.com/dp/B0BQH1B5Z6,2023-02-28
https://www.amazon.com/dp/B0BWX38WYF,2023-04-29
https://www.amazon.com/dp/B0BXXJS3XY,2023-03-08
https://www.amazon.com/dp/B0BXZC2465,2023-03-08
https://www.amazon.com/dp/B0BZNZQP75,2023-05-30
https://www.amazon.com/dp/B0C4XHHVXQ,2023-06-29
https://www.amazon.com/dp/B0C5SC694W,2023-08-14
https://www.amazon.com/dp/B0C5WPTK4B,2023-08-15
https://www.amazon.com/dp/B0C7M77Q5M,2023-08-30
https://www.amazon.com/dp/B0C7V35TS7,2023-07-30
https://www.amazon.com/dp/B0CFZYSVLN,2023-09-29
https://www.amazon.com/dp/B0CQQMS99N,2024-01-30
https://www.amazon.com/dp/B0CQQV8P7F,2024-02-15
https://www.amazon.com/dp/B0CR737NXK,2024-02-29
https://www.amazon.com/dp/B0CS35QD1B,2024-01-30
https://www.amazon.com/dp/B0CV4NZH2K,2024-05-30
https://www.amazon.com/dp/B0CV4NZYTS,2024-05-30
https://www.amazon.com/dp/B0CW1JWNNJ,2024-05-15
https://www.amazon.com/dp/B0CWZVVRB5,2024-06-28
https://www.amazon.com/dp/B0CX25FR6P,2024-03-30
https://www.amazon.com/dp/B0CXMFRYH6,2024-08-30
https://www.amazon.com/dp/B0CZ14CZFG,2024-07-30
https://www.amazon.com/dp/B0D22VYNXN,2024-07-30
https://www.amazon.com/dp/B0D5TPZ5YV,2024-09-29
https://www.amazon.com/dp/B0DBK2WVVS,2024-11-29
https://www.amazon.com/dp/B0DJ8G1GVS,2024-12-30
https://www.amazon.com/dp/B0DJF4XY29,2025-01-30
https://www.amazon.com/dp/B0DNFGX7Z7,2025-02-28
https://www.amazon.com/dp/B0DPLKFXYS,2025-03-30
https://www.amazon.com/dp/B0F1XHHJ51,2025-05-30
https://www.amazon.com/dp/B0FBJQ6HF2,2025-07-30
https://www.amazon.com/dp/B0FCRK79KF,2025-08-30
https://www.amazon.com/dp/B0FCRVX17B,2025-08-30
https://www.amazon.com/dp/B0FCRWSR5D,2025-08-30
https://www.amazon.com/dp/B0FKM8HZB3,2025-11-30
https://www.amazon.com/dp/B0FRSXQ1NG,2025-10-30
https://www.barnesandnoble.com/w/an-observation-log-of-my-fiancee-who-calls-herself-a-villainess-vol-2-ethan-holms/1147376720?ean=2940184548913,2025-02-28
https://www.barnesandnoble.com/w/another-world-survival-tsukasa-yokotsuka/1142307756?ean=2940186560449,2022-09-30
https://www.barnesandnoble.com/w/another-world-survival-tsukasa-yokotsuka/1142994843?ean=2940186570110,2023-02-14
https://www.barnesandnoble.com/w/another-world-survival-tsukasa-yokotsuka/1143395514?ean=2940160805733,2023-04-29
https://www.barnesandnoble.com/w/another-world-survival-tsukasa-yokotsuka/1143701552?ean=2940160867694,2023-06-26
https://www.barnesandnoble.com/w/another-world-survival-tsukasa-yokotsuka/1143981076?ean=2940186096900,2023-08-30
https://www.barnesandnoble.com/w/another-world-survival-tsukasa-yokotsuka/1144275252?ean=2940186135531,2023-10-30
https://www.barnesandnoble.com/w/another-world-survival-tsukasa-yokotsuka/1144544332?ean=2940185783870,2024-02-29
https://www.barnesandnoble.com/w/another-world-survival-tsukasa-yokotsuka/1144544596?ean=2940185783849,2024-01-15
https://www.barnesandnoble.com/w/another-world-survival-tsukasa-yokotsuka/1145589911?ean=2940186193401,2024-06-28
https://www.barnesandnoble.com/w/half-spirit-arata-nagayama/1144083220?ean=2940186165897,2023-09-16
https://www.barnesandnoble.com/w/i-got-reincarnated-as-a-cultist-mob-in-an-eroge-full-of-maniacs-with-death-wishes-vol-1-heaven99/1147590671?ean=2940184558141,2025-08-30
https://www.barnesandnoble.com/w/im-just-a-villager-so-what-arata-shiraishi/1147591281?ean=2940184558257,2025-08-30
https://www.barnesandnoble.com/w/love-under-the-blue-moon-mii-hirose/1143935622?ean=2940185625231,2023-08-14
https://www.barnesandnoble.com/w/my-pet-is-a-saintess-vol-1-muku-buncho/1144544788?ean=2940185784006,2024-02-15
https://www.barnesandnoble.com/w/my-pet-is-a-saintess-vol-2-muku-buncho/1145575304?ean=2940185995631,2024-05-15
https://www.barnesandnoble.com/w/my-pet-is-a-saintess-vol-3-muku-buncho/1146217786?ean=2940186105336,2024-08-30
https://www.barnesandnoble.com/w/my-pet-is-a-saintess-vol-4-harris-hayes/1146368893?ean=2940185920763,2024-12-30
https://www.barnesandnoble.com/w/observation-records-of-my-fiancee-ethan-holms/1147045325?ean=2940184548913,2025-02-28
https://www.barnesandnoble.com/w/the-abandoned-reincarnation-sage-miraizin-a/1147590958?ean=2940184558219,2025-08-30
https://www.barnesandnoble.com/w/the-dark-guild-masters-smile-would-fit-best-vol-1-ryo-mizokami/1144544337?ean=2940185783900,2024-01-30
https://www.barnesandnoble.com/w/the-dark-guild-masters-smile-would-fit-best-vol-2-ryo-mizokami/1144830430?ean=2940185978054,2024-05-30
https://www.barnesandnoble.com/w/the-fruit-of-evolution-miku/1142205451?ean=2940185656693,2022-08-15
https://www.barnesandnoble.com/w/the-fruit-of-evolution-miku/1144918719?ean=2940160926254,2023-07-30
https://www.barnesandnoble.com/w/the-fruit-of-evolution-miku/1144918720?ean=2940185978023,2024-05-30
https://www.barnesandnoble.com/w/the-fruit-of-evolution-miku/1144918722?ean=2940185782033,2024-01-29
https://www.barnesandnoble.com/w/the-fruit-of-evolution-miku/1144918774?ean=2940160864785,2023-05-30
https://www.barnesandnoble.com/w/the-fruit-of-evolution-miku/1144918775?ean=2940186202035,2023-09-29
https://www.barnesandnoble.com/w/the-fruit-of-evolution-miku/1144918777?ean=2940186571896,2023-02-28
https://www.barnesandnoble.com/w/the-fruit-of-evolution-miku/1144918804?ean=2940186018940,2023-11-29
https://www.barnesandnoble.com/w/the-fruit-of-evolution-miku/1146385596?ean=2940185785621,2024-10-30
https://www.barnesandnoble.com/w/the-fruit-of-evolution-mittt-liu/1142719016?ean=2940186584179,2022-11-25
https://www.barnesandnoble.com/w/the-fruit-of-evolution-mittt-liu/1146460832?ean=2940185785621,2024-10-30
https://www.barnesandnoble.com/w/the-new-gate-shinogi-kazanami/1148330843?ean=2940184512495,2025-10-30
https://www.barnesandnoble.com/w/tsukimichi-ethan-holms/1147179930?ean=2940184602622,2025-05-30
https://www.barnesandnoble.com/w/tsukimichi-kei-azumi/1144978796?ean=2940185634233,2024-03-30
https://www.barnesandnoble.com/w/tsukimichi-kei-azumi/1145880804?ean=2940185617755,2024-07-30
https://www.barnesandnoble.com/w/tsukimichi-kei-azumi/1145888542?ean=2940185792223,2024-09-29
https://www.barnesandnoble.com/w/tsukimichi-kei-azumi/1146369914?ean=2940185920879,2024-11-29
https://www.barnesandnoble.com/w/tsukimichi-kei-azumi/1146370004?ean=2940185610794,2025-01-30
https://www.barnesandnoble.com/w/tsukimichi-kei-azumi/1146670556?ean=2940184576282,2025-03-30
https://www.barnesandnoble.com/w/tsukimichi-kei-azumi/1147596115?ean=2940184561011,2025-07-30
https://www.barnesandnoble.com/w/tsukimichi-kei-azumi/1147951909?ean=2940184740638,2025-09-30
https://www.barnesandnoble.com/w/tsukimichi-kei-azumi/1147951911?ean=2940184740652,2025-10-30
https://www.barnesandnoble.com/w/tsukimichi-kei-azumi/1147951930?ean=2940184740683,2025-11-30
