1000wordslefttolive,"1,000 Words Left to Live"
5centimeterspersecond,5 Centimeters per Second
5centimeterspersecondchildrenwhochaselostvoices,5 Centimeters per Second + Children Who Chase Lost Voices
5centimeterspersecondonemoreside,5 Centimeters Per Second One More Side
7thtimeloop,7th Time Loop
7thtimeloopthevillainessenjoysacarefreelifemarriedtoherworstenemy,7th Time Loop: The Villainess Enjoys a Carefree Life Married to Her Worst Enemy!
86eightysix,86--EIGHTY-SIX
86eightysixalter,86--EIGHTY-SIX Alter
8thloopforthewinwithsevenlivesworthofxpandthethirdprincesssappraisalskillmybehemothandiareunstoppable,"8th Loop for the Win! With Seven Lives' Worth of XP and the Third Princess's Appraisal Skill, My Behemoth and I Are Unstoppable!"
abductedprincessrunningrampantwieldingforbiddenmagicinthedemonkingscastle,Abducted Princess Running Rampant: Wielding Forbidden Magic in the Demon King's Castle
aboutaplaceinthekinkiregion,About a Place in the Kinki Region
abridesstorymanga,A Bride's Story (Manga)
acavekingsroadtoparadiseclimbingtothetopwithmyalmightyminingskills,A Cave King's Road to Paradise: Climbing to the Top with My Almighty Mining Skills!
accelworld,Accel World
accidentallyinlovethewitchtheknightandthelovepotionslipup,"Accidentally in Love: The Witch, the Knight, and the Love Potion Slipup"
accomplishmentsofthedukesdaughter,Accomplishments of the Duke's Daughter
acertainmagicalindex,A Certain Magical Index
acertainmagicalindexnt,A Certain Magical Index NT
acozylifeinthewoodswiththewhitewitch,A Cozy Life in the Woods with the White Witch
adachiandshimamura,Adachi and Shimamura
afterschooldungeondiverlevelgrindinginanotherworld,After-School Dungeon Diver: Level Grinding in Another World
agentofthefourseasons,Agent of the Four Seasons
agentsofthefourseasons,Agents of the Four Seasons
agooddaystartswithcatsandbooks,A Good Day Starts with Cats and Books
akaonicontractwithavampire,Akaoni: Contract with a Vampire
alatestarttamerslaidbacklife,A Late-Start Tamer's Laid-Back Life
aliceinthecountryofdiamonds,Alice in the Country of Diamonds
aliceinwonderland,Alice in Wonderland
alicesadventuresinwonderlandandthroughthelookingglass,Alice's Adventures in Wonderland and Through the Looking-Glass
alicestale,Alice's Tale
alilybloomsinanotherworld,A Lily Blooms in Another World
alividladysguidetogettingevenhowicrushedmyhomelandwithmymightygrimoires,A Livid Lady's Guide to Getting Even: How I Crushed My Homeland with My Mighty Grimoires
allyouneediskill,All You Need Is Kill
almark,Almark
altheadventurerthatmagicshouldntwork,Al the Adventurer: That Magic Shouldn't Work!
altinatheswordprincess,Altina the Sword Princess
alyasometimeshidesherfeelingsinrussian,Alya Sometimes Hides Her Feelings in Russian
amagibrilliantpark,Amagi Brilliant Park
amalgamhound,Amalgam Hound
amiactuallythestrongest,Am I Actually the Strongest?
amisanthropeteachesaclassfordemihumans,A Misanthrope Teaches a Class for Demi-Humans
amysbigbrother,Amy's Big Brother
amysteriousjobcalledodanobunaga,A Mysterious Job Called Oda Nobunaga
anarchdemonsdilemmahowtoloveyourelfbride,An Archdemon's Dilemma: How to Love Your Elf Bride
anautumninamberazerosecondjourney,"An Autumn in Amber, a Zero-Second Journey"
animebungostraydogsnovelversion,Anime Bungo Stray Dogs: Novel Version
animesupremacy,Anime Supremacy!
anintrovertshookuphiccupsthisgyaruisheadoverheelsforme,An Introvert's Hookup Hiccups: This Gyaru Is Head Over Heels for Me!
another,Another
anothernovel,Another Novel
anotherworldsurvivalminmaxingmysupportandsummoningmagic,Another World Survival: Min-Maxing My Support and Summoning Magic
anotherworldszombieapocalypseisnotmyproblem,Another World's Zombie Apocalypse Is Not My Problem!
anunrulysummon,An Unruly Summon
aooni,Ao Oni
apalemoonreverie,A Pale Moon Reverie
apocalypsebringermynoghra,Apocalypse Bringer Mynoghra
apparentlydisillusionedadventurerswillsavetheworld,"Apparently, Disillusioned Adventurers Will Save the World"
apparentlyitsmyfaultthatmyhusbandhastheheadofabeast,Apparently It's My Fault That My Husband Has the Head of a Beast
apparitionsghostofoldedo,Apparitions Ghost of Old Edo
apromiseofromance,A Promise of Romance
areyouokaywithaslightlyoldergirlfriend,Are You Okay With a Slightly Older Girlfriend?
arifureta,Arifureta
arifuretafromcommonplacetoworldsstrongest,Arifureta: From Commonplace to World's Strongest
arifuretafromcommonplacetoworldsstrongestzero,Arifureta: From Commonplace to World's Strongest ZERO
arifuretazero,Arifureta Zero
aroyalreboundforgetmyexfianceimbeingpamperedbytheprince,"A Royal Rebound: Forget My Ex-Fiancé, I'm Being Pampered by the Prince!"
asareincarnatedaristocratillusemyappraisalskilltoriseintheworld,"As a Reincarnated Aristocrat, I'll Use My Appraisal Skill to Rise in the World"
ascendanceofabookworm,Ascendance of a Bookworm
ascendanceofabookwormfanbook,Ascendance of a Bookworm: Fanbook
ascendanceofabookwormhanneloresfifthyearattheroyalacademy,Ascendance of a Bookworm: Hannelore's Fifth Year at the Royal Academy
ascendanceofabookwormroyalacademystories,Ascendance of a Bookworm: Royal Academy Stories
ascendanceofabookwormroyalacademystoriesfirstyear,Ascendance of a Bookworm: Royal Academy Stories - First Year
ascendanceofabookwormshortstorycollection,Ascendance of a Bookworm: Short Story Collection
asistersallyouneed,A Sister's All You Need.
asmallcharredface,A Small Charred Face
associateprofessorakiratakatsukisconjecture,Associate Professor Akira Takatsuki's Conjecture
associateprofessorakiratakatsukisconjectureex,Associate Professor Akira Takatsuki's Conjecture EX
asthevillainessirejectthesehappybadendings,"As The Villainess, I Reject These Happy-Bad Endings!"
astrearecordisitwrongtotrytopickupgirlsinadungeontalesofheroes,Astrea Record: Is It Wrong to Try to Pick Up Girls in a Dungeon? Tales of Heroes
astrolaberebirth,Astrolabe Rebirth
asurprisinglyhappyengagementfortheslimedukeandthefallennoblelady,A Surprisingly Happy Engagement for the Slime Duke and the Fallen Noble Lady
ataleofthesecretsaint,A Tale of the Secret Saint
ataleofthesecretsaintzero,A Tale of the Secret Saint ZERO
atlasherthecombatantandhimthehero,"ATLAS: Her, the Combatant, and Him, the Hero"
atnightibecomeamonster,"At Night, I Become a Monster"
attackontitan,Attack on Titan
attackontitanbeforethefall,Attack on Titan: Before the Fall
attackontitankuklounbound,Attack on Titan: Kuklo Unbound
attackontitanlostgirls,Attack on Titan Lost Girls
attackontitantheharshmistressofthecity,Attack on Titan: The Harsh Mistress of the City
automaticeve,Automatic Eve
awildlastbossappeared,A Wild Last Boss Appeared!
ayakashiandthefairytaleswetellourselves,Ayakashi and the Fairy Tales We Tell Ourselves
ayakashimovingservice,Ayakashi Moving Service
ayoungladyfindshertruecallinglivingwiththeenemy,A Young Lady Finds Her True Calling Living with the Enemy
babel,Babel
baccano,Baccano!
backstabbedinabackwaterdungeon,Backstabbed in a Backwater Dungeon
backstabbedinabackwaterdungeonmytrustedcompanionstriedtokillmebutthankstothegiftofanunlimitedgachaigotlvl9999friendsandamoutforrevengeonmyformerpartymembersandtheworld,"Backstabbed in a Backwater Dungeon: My Trusted Companions Tried to Kill Me, But Thanks to the Gift of an Unlimited Gacha I Got LVL 9999 Friends and Am Out For Revenge on My Former Party Members and the World"
backtothebattlefieldtheveteranheroesreturntothefray,Back to the Battlefield: The Veteran Heroes Return to the Fray!
bakemonogatari,Bakemonogatari
balladofashinigami,Ballad of a Shinigami
balladofswordandwine,Ballad of Sword and Wine
banishedfromtheherospartyidecidedtoliveaquietlifeinthecountryside,"Banished from the Hero's Party, I Decided to Live a Quiet Life in the Countryside"
bannerofthestars,Banner of the Stars
battledivas,Battle Divas
battleroyale,Battle Royale
beastblood,Beast † Blood
beatless,Beatless
beautifuldaydream,Beautiful Daydream
beforethetutorialstartsafewthingsicandotokeepthebossesalive,Before the Tutorial Starts: A Few Things I Can Do to Keep the Bosses Alive
belkawhydontyoubark,"Belka, Why Don't You Bark?"
belle,Belle
berrybrookmiddleschool,Berrybrook Middle School
berserk,Berserk
berserkofgluttony,Berserk of Gluttony
betrothedtomysistersex,Betrothed to My Sister's Ex
bibliophileprincess,Bibliophile Princess
blackbullet,Black Bullet
blackdungeoncastle,Black Dungeon Castle
blacksummoner,Black Summoner
bladebastard,BLADE & BASTARD
bladeskillonlinecrushingthecompetitionwithmyabysmalstatsuselessclassandgarbageweapon,"Blade Skill Online: Crushing the Competition with My Abysmal Stats, Useless Class, and Garbage Weapon!"
bleach,Bleach
bleachcantfearyourownworld,Bleach: Can't Fear Your Own World
bloomintoyou,Bloom Into You
bloomintoyouregardingsaekisayaka,Bloom Into You: Regarding Saeki Sayaka
bluesteelblasphemer,Bluesteel Blasphemer
bofuriidontwanttogethurtsoillmaxoutmydefense,"Bofuri: I Don't Want to Get Hurt, so I'll Max Out My Defense."
bondandbook,Bond and Book
boneash,Bone Ash
boogiepop,Boogiepop
boogiepopphantom,Boogiepop Phantom
bookgirl,Book Girl
bottomtiercharactertomozaki,Bottom-Tier Character Tomozaki
bowingtolovethenobleandthegladiator,Bowing to Love: The Noble and the Gladiator
bravechronicletheruinmaker,Brave Chronicle: The Ruinmaker
bravestory,Brave Story
breakingupwastheplanthedukefallingforthevillainesswasnot,"Breaking Up Was the Plan, the Duke Falling For the Villainess Was Not!"
breathlesstimetraveler,Breathless Time Traveler
brideofthebarriermaster,Bride of the Barrier Master
brunhildthedragonslayer,Brunhild the Dragonslayer
bucknakedinanotherworld,Buck Naked in Another World
bullethellionthegunslingingdemonprincecrushesanotherworldwithmodernarms,Bullet Hellion: The Gunslinging Demon Prince Crushes Another World with Modern Arms
bungostraydogs,Bungo Stray Dogs
bungostraydogsanotherstory,Bungo Stray Dogs: Another Story
butarebathestoryofamanturnedintoapig,Butareba -The Story of a Man Turned into a Pig-
buyingyouonthedayyouweretodie,Buying You on the Day You Were to Die
byatwistoffateimattendingtheroyalacademyindisguise,"By a Twist of Fate, I'm Attending the Royal Academy in Disguise"
byebyeearth,Bye-Bye Earth
bythegraceofthegods,By the Grace of the Gods
campfirecookinginanotherworldwithmyabsurdskill,Campfire Cooking in Another World with My Absurd Skill
caninedetectivechris,Canine Detective Chris
cansomeonepleaseexplainwhatsgoingon,Can Someone Please Explain What's Going On?!
casebookofkurumitokisakimagicdetective,"Casebook of Kurumi Tokisaki, Magic Detective"
casefilecompendium,Case File Compendium
catalogofwonders,Catalog of Wonders
cautioushero,Cautious Hero
chainsawman,Chainsaw Man
chainsawmanbuddystories,Chainsaw Man: Buddy Stories
chibivampire,Chibi Vampire
childrenwhochaselostvoices,Children Who Chase Lost Voices
chillininanotherworldwithlevel2supercheatpowers,Chillin' in Another World with Level 2 Super Cheat Powers
chitoseisintheramunebottle,Chitose Is in the Ramune Bottle
chivalryofafailedknight,Chivalry of a Failed Knight
chroniclesofanaristocratreborninanotherworld,Chronicles of an Aristocrat Reborn in Another World
chroniclesofthehiddenworldhowibecameadoctorforthegods,Chronicles of the Hidden World: How I Became a Doctor for the Gods
classroomforheroes,Classroom for Heroes
classroomoftheelite,Classroom of the Elite
classroomoftheeliteyear2,Classroom of the Elite: Year 2
clearskiesacharminglovestory,Clear Skies A Charming Love Story
clockworkplanet,Clockwork Planet
cogsoftime,Cogs of Time
combatantswillbedispatched,Combatants Will Be Dispatched!
cookingwithwildgame,Cooking with Wild Game
coppercoinstongqiankanshi,Copper Coins: Tong Qian Kan Shi
crestofthestars,Crest of the Stars
crossdressingvillainessceciliasylvie,Cross-Dressing Villainess Cecilia Sylvie
culinarychroniclesofthecourtflower,Culinary Chronicles of the Court Flower
dagashiyayahagisettingupasweetsshopinanotherworld,Dagashi-ya Yahagi: Setting Up a Sweets Shop in Another World
dahliainbloomcraftingafreshstartwithmagicaltools,Dahlia in Bloom: Crafting a Fresh Start with Magical Tools
danceinthevampirebund,Dance in the Vampire Bund
darksouls,Dark Souls
datealive,Date A Live
dawnofthemapmaker,Dawn of the Mapmaker
dawnofthemapmakerthesurveyorgirlandtheforbiddenknowledge,Dawn of the Mapmaker: The Surveyor Girl and the Forbidden Knowledge
dayswithmystepsister,Days with My Stepsister
deathbounddukesdaughter,Deathbound Duke's Daughter
deathmarchtotheparallelworldrhapsody,Death March to the Parallel World Rhapsody
deathnote,Death Note
deathsdaughterandtheebonyblade,Death's Daughter and the Ebony Blade
defeatingthedemonlordsacinchifyouvegotaringer,Defeating the Demon Lord's a Cinch (If You've Got a Ringer)
demonkingdaimaou,Demon King Daimaou
demonlord2099,Demon Lord 2099
demonlordretry,"Demon Lord, Retry!"
demonscrest,Demons' Crest
demonslayer,Demon Slayer
demonslayerkimetsunoyaiba,Demon Slayer: Kimetsu no Yaiba
dendera,Dendera
derwerwolftheannalsofveight,Der Werwolf: The Annals of Veight
detroitbecomehumantokyostories,Detroit: Become Human -Tokyo Stories-
dgenesisthreeyearsafterthedungeonsappeared,D-Genesis: Three Years after the Dungeons Appeared
didiseriouslyjustgetreincarnatedasmygagcharacter,Did I Seriously Just Get Reincarnated as My Gag Character?!
didntisaytomakemyabilitiesaverageinthenextlife,Didn't I Say to Make My Abilities Average in the Next Life?!
didntisaytomakemyabilitiesaverageinthenextlifelilysmiracle,Didn't I Say to Make My Abilities Average in the Next Life?! Lily's Miracle
didyouthinkmyyuriwasjustforshow,Did You Think My Yuri Was Just for Show?
dimensionwave,Dimension Wave
dinghaifushengrecords,Dinghai Fusheng Records
dinnerforthree,Dinner for Three
dinnerswithmydarling,Dinners with My Darling
discipleofthelich,Disciple of the Lich
discipleofthelichorhowiwascursedbythegodsanddroppedintotheabyss,Disciple of the Lich: Or How I Was Cursed by the Gods and Dropped Into the Abyss!
disney,Disney
disneytwistedwonderlandnovels,Disney Twisted-Wonderland novels
disownedbutnotdisheartenedlifeisgoodwithoverpoweredmagic,Disowned but Not Disheartened! Life Is Good with Overpowered Magic
distortediloveyou,Distorted I Love You
divineincursions,Divine Incursions
divisionmaneuver,Division Maneuver
doyouloveyourmomandhertwohitmultitargetattacks,Do You Love Your Mom and Her Two-Hit Multi-Target Attacks?
dragonandceremony,Dragon and Ceremony
dragonball,Dragon Ball
dragondaddydiariesagirlgrowstogreatness,Dragon Daddy Diaries: A Girl Grows to Greatness
dragonswordandwindchild,Dragon Sword and Wind Child
drmashiritosultimatemangatechniques,Dr. Mashirito's Ultimate Manga Techniques
drugstoreinanotherworld,Drugstore in Another World
drugstoreinanotherworldtheslowlifeofacheatpharmacist,Drugstore in Another World: The Slow Life of a Cheat Pharmacist
duchessintheattic,Duchess in the Attic
dungeonbusters,Dungeon Busters
dungeondiveaimforthedeepestlevel,DUNGEON DIVE: Aim for the Deepest Level
durarara,Durarara!!
durararash,Durarara!! SH
earlandfairy,Earl and Fairy
easygoingterritorydefensebytheoptimisticlord,Easygoing Territory Defense by the Optimistic Lord
easygoingterritorydefensebytheoptimisticlordproductionmagicturnsanamelessvillageintothestrongestfortifiedcity,Easygoing Territory Defense by the Optimistic Lord: Production Magic Turns a Nameless Village into the Strongest Fortified City
echo,ECHO
emethislandofgolems,emeth: Island of Golems
endoandkobayashilivethelatestontsunderevillainesslieselotte,Endo and Kobayashi Live! The Latest on Tsundere Villainess Lieselotte
engagingwiththeplotaformercatsattempttosavehernowtemporaryfiance,Engaging with the Plot: A Former Cat's Attempt to Save Her Now Temporary Fiancé
enoughwiththisslowlifeiwasreincarnatedasahighelfandnowimbored,Enough with This Slow Life! I Was Reincarnated as a High Elf and Now I'm Bored
evangelion,Evangelion
evenareplicacanfallinlove,Even a Replica Can Fall in Love
evendogsgotootherworlds,Even Dogs Go to Other Worlds
evendogsgotootherworldslifeinanotherworldwithmybelovedhound,Even Dogs Go to Other Worlds: Life in Another World with My Beloved Hound
evenexiledshesstillthebelovedsaintstevelynsweirdandwonderfulfriends,"Even Exiled, She's Still the Beloved Saint! St. Evelyn's Weird and Wonderful Friends"
evenifthesetearsdisappeartonight,Even If These Tears Disappear Tonight
evenifthislovedisappearsfromtheworldtonight,Even If This Love Disappears from the World Tonight
evenifthislovedisappearstonight,Even If This Love Disappears Tonight
expeditioncookingwiththeenochroyalknights,Expedition Cooking with the Enoch Royal Knights
expisgolden,EXP Is Golden
failureframe,Failure Frame
failureframeibecamethestrongestandannihilatedeverythingwithlowlevelspells,Failure Frame: I Became the Strongest and Annihilated Everything With Low-Level Spells
fakeittobreakitifakedamnesiatobreakoffmyengagementandnowhesallloveydovey,Fake It to Break It! I Faked Amnesia to Break Off My Engagement and Now He's All Lovey-Dovey?!
fakesaintoftheyearyouwantedtheperfectsainttoobad,Fake Saint of the Year: You Wanted the Perfect Saint? Too Bad!
fantasyinbound,Fantasy Inbound
fianceenomoretheforsakenladytheprinceandtheirmakebelievelove,"Fiancée No More: The Forsaken Lady, the Prince, and Their Make-Believe Love"
finalfantasy,Final Fantasy
finalfantasyiiiiii,Final Fantasy I * II * III
finalfantasyviionthewaytoasmile,Final Fantasy VII: On the Way to a Smile
finalfantasyviithekidsarealrightaturkssidestory,Final Fantasy VII: The Kids Are Alright: A Turks Side Story
finalfantasyxiii2fragmentsafter,Final Fantasy XIII-2: Fragments After
finalfantasyxiii2fragmentsbefore,Final Fantasy XIII-2: Fragments Before
finalfantasyxiiiepisodezeropromise,Final Fantasy XIII: Episode Zero: Promise
findingavalonthequestofachaosbringer,Finding Avalon: The Quest of a Chaosbringer
findingmywaytoyouinthismmoworld,Finding My Way to (You) in This MMO World
fireworks,Fireworks
fireworksshouldweseeitfromthesideorthebottom,"Fireworks, Should We See It from the Side or the Bottom?"
fluffycafeinanotherworld,Fluffy Café in Another World
fluffyearedrealmrestorationtakingitslowwithmycoolbigbrother,Fluffy-Eared Realm Restoration: Taking It Slow With My Cool Big Brother
fluffyparadise,Fluffy Paradise
flungintoanewworldtimetoliftthe200yearcurse,Flung into a New World? Time to Lift the 200-Year Curse!
forgetbeingthevillainessiwanttobeanadventurer,"Forget Being the Villainess, I Want to Be an Adventurer!"
formerlythefallendaughteroftheduke,"Formerly, the Fallen Daughter of the Duke"
fourchildlife,Four Child Life
foxtales,Fox Tales
freelifefantasyonline,Free Life Fantasy Online
freelifefantasyonlineimmortalprincess,Free Life Fantasy Online: Immortal Princess
frieren,Frieren
fromdeskjobtodeathbeaminanotherworldwithmyalmightylasers,From Desk Job to Death Beam: In Another World with My Almighty Lasers
frommementomori,From Memen to Mori
fromoldcountrybumpkintomasterswordsmanmyhotshotdisciplesareallgrownupnowandtheywontleavemealone,"From Old Country Bumpkin to Master Swordsman: My Hotshot Disciples Are All Grown Up Now, and They Won't Leave Me Alone"
fromtoxicclassmatetogirlfriendgoals,From Toxic Classmate to Girlfriend Goals
fromtruanttoanimescreenwritermypathtoanohanaandtheanthemoftheheart,From Truant to Anime Screenwriter: My Path to “Anohana” and “The Anthem of the Heart”
fromtwobitbaddietototalheartthrobthisvillainesswillcrossdresstoimpress,From Two-Bit Baddie to Total Heartthrob: This Villainess Will Cross-Dress to Impress!
fromvillainesstohealer,From Villainess to Healer
fullclearinganotherworldunderagoddesswithzerobelievers,Full Clearing Another World under a Goddess with Zero Believers
fullmetalalchemist,Fullmetal Alchemist
fullmetalpanic,Full Metal Panic!
fullmetalpanicshortstories,Full Metal Panic! Short Stories
fushinokamirebuildingcivilizationstartswithavillage,Fushi no Kami: Rebuilding Civilization Starts With a Village
gateofsorrows,Gate of Sorrows
geardrive,Gear Drive
genemapper,Gene Mapper
genocidalorgan,Genocidal Organ
ghostintheshell,Ghost in the Shell
girlskingdom,Girls Kingdom
goblinslayer,Goblin Slayer
goblinslayersidestoryiidaikatana,Goblin Slayer Side Story II: Dai Katana
goblinslayersidestoryyearone,Goblin Slayer Side Story: Year One
goblinslayertabletoproleplayinggame,Goblin Slayer Tabletop Roleplaying Game
godsgamesweplay,Gods' Games We Play
godzillaminusone,Godzilla Minus One
goodbyeotherworldseeyoutomorrow,"Goodbye Otherworld, See You Tomorrow"
goodbyeovertimethisreincarnatedvillainessislivingforhernewbigbrother,"Goodbye, Overtime! This Reincarnated Villainess Is Living for Her New Big Brother"
goth,Goth
grandmasterofdemoniccultivation,Grandmaster of Demonic Cultivation
grandsumovillainess,Grand Sumo Villainess
grimgaroffantasyandash,Grimgar of Fantasy and Ash
grimoireofzerothedawnofthewitch,"Grimoire of Zero, The Dawn of the Witch"
guardian,Guardian
guidetotheperfectotakugirlfriendroomiesandromance,Guide to the Perfect Otaku Girlfriend: Roomies and Romance
guildhandymanmorelikemastermindusingmyhiddenskillsintheshadows,Guild Handyman? More like Mastermind! Using My Hidden Skills in the Shadows
guillotinebride,Guillotine Bride
guinsaga,Guin Saga
hack,.hack
haibarasteenagenewgame,Haibara's Teenage New Game+
halfspiritalovestoryacrosstheveilofdeath,Half Spirit: a love story across the veil of death
hanamonogatari,Hanamonogatari
hanzaijapan,Hanzai Japan
harmony,Harmony
hatsunemiku,Hatsune Miku
hazureskill,Hazure Skill
hazureskilltheguildmemberwithaworthlessskillisactuallyalegendaryassassin,Hazure Skill: The Guild Member with a Worthless Skill Is Actually a Legendary Assassin
heavenlyswordsofthetwinstars,Heavenly Swords of the Twin Stars
heavenofficialsblessing,Heaven Official's Blessing
heirtoamonstermancer,Heir to a Monstermancer
hellisdarkwithnoflowers,Hell Is Dark with No Flowers
hellmode,Hell Mode
helloiamawitchandmycrushwantsmetomakealovepotion,"Hello, I am a Witch and my Crush Wants me to Make a Love Potion!"
helloworld,HELLO WORLD
helloworldthenovel,HELLO WORLD: The Novel
hermajestysswarm,Her Majesty's Swarm
heroinesaintnoimanallworksmaidandproudofit,"Heroine? Saint? No, I'm an All-Works Maid (And Proud of It)!"
herosyndrome,Hero Syndrome
herroyalhighnessseemstobeangry,Her Royal Highness Seems to Be Angry
heyyouvekidnappedthewrongroyal,Hey! You've Kidnapped the Wrong Royal!
higehiroafterbeingrejectedishavedandtookinahighschoolrunaway,"Higehiro: After Being Rejected, I Shaved and Took in a High School Runaway"
highschooldxd,High School DxD
highschoolprodigieshaveiteasyeveninanotherworld,High School Prodigies Have It Easy Even in Another World!
hiranoandkagiura,Hirano and Kagiura
historyofthekingdomoforcsenhowthebarbarianorcishnationcametoburndownthepeacefulelfland,History of the Kingdom of Orcsen: How the Barbarian Orcish Nation Came to Burn Down the Peaceful Elfland
hollowregalia,Hollow Regalia
holmesofkyoto,Holmes of Kyoto
horrorcollector,Horror Collector
horrorcollectormanga,Horror Collector (manga)
hotgimmick,Hot Gimmick
housekeepingmagefromanotherworldmakingyouradventuresfeellikehome,Housekeeping Mage from Another World: Making Your Adventures Feel Like Home!
howarealistherorebuiltthekingdom,How a Realist Hero Rebuilt the Kingdom
howibecamekingbyeatingmonsters,How I Became King by Eating Monsters
howiswappedplaceswiththevillainessbeatupherfianceandfoundtruelove,"How I Swapped Places with the Villainess, Beat Up Her Fiancé, and Found True Love"
hownottosummonademonlord,How NOT to Summon a Demon Lord
howtoeatlife,How to Eat Life
howtomelttheicequeensheart,How to Melt the Ice Queen's Heart
howtowinherheartonthenthtry,How to Win Her Heart on the Nth Try
iabandonedmyengagementbecausemysisterisatragicheroinebutsomehowibecameentangledwitharighteousprince,"I Abandoned My Engagement Because My Sister is a Tragic Heroine, but Somehow I Became Entangled with a Righteous Prince"
iamblueinpainandfragile,"I am Blue, in Pain, and Fragile"
ibecamethesecretaryofahero,I Became the Secretary of a Hero!
ico,ICO
icocastleinthemist,ICO: Castle in the Mist
icouldneverbeasuccubus,I Could Never Be a Succubus!
idontwanttobethedragondukesmaidservingmyexfiancefrommypastlife,I Don't Want to Be the Dragon Duke's Maid! Serving My Ex-Fiancé from My Past Life
idratherhaveacatthanaharem,I'd Rather Have a Cat than a Harem!
ifitsformydaughteridevendefeatademonlord,"If It's for My Daughter, I'd Even Defeat a Demon Lord"
iftheheroinewantsmyfianceillmarryayanderevillaininstead,"If the Heroine Wants My Fiancé, I'll Marry a Yandere Villain Instead!"
iftherpgworldhadsocialmedia,If the RPG World Had Social Media...
ifthevillainessandvillainmetandfellinlove,If the Villainess and Villain Met and Fell in Love
igotacheatskillinanotherworldandbecameunrivaledintherealworldtoo,"I Got a Cheat Skill in Another World and Became Unrivaled in the Real World, Too"
igotmarriedtothegirlihatemostinclass,I Got Married to the Girl I Hate Most in Class
igotreincarnatedasacultistmobinanerogefullofmaniacswithdeathwishes,I Got Reincarnated as a Cultist Mob in an Eroge Full of Maniacs with Death Wishes
iguessthisdragonwholosthereggtodisasterismymomnow,I Guess This Dragon Who Lost Her Egg to Disaster Is My Mom Now
ihadthatsamedreamagain,I Had That Same Dream Again
ihaveasecret,I Have a Secret
ikeptpressingthe100millionyearbuttonandcameoutontop,I Kept Pressing the 100-Million-Year Button and Came Out on Top
ikissedmygirlfriendslittlesister,I Kissed My Girlfriend's Little Sister?!
ilikevillainssoireincarnatedasone,"I Like Villains, so I Reincarnated as One"
illbecomeavillainesswhogoesdowninhistory,I'll Become a Villainess Who Goes Down in History
illneversetfootinthathouseagain,I'll Never Set Foot in That House Again!
illusethisdoovertobecometheidealladysmaid,I'll Use This Do-over to Become the Ideal Lady's Maid!
imabehemothansrankedmonsterbutmistakenforacatiliveasanelfgirlspet,"I'm a Behemoth, an S-Ranked Monster, but Mistaken for a Cat, I Live as an Elf Girl's Pet"
imanobleonthebrinkofruinsoimightaswelltrymasteringmagic,"I'm a Noble on the Brink of Ruin, So I Might as Well Try Mastering Magic"
imaybeaguildreceptionistbutillsoloanybosstoclockoutontime,"I May Be a Guild Receptionist, but I'll Solo Any Boss to Clock Out on Time"
imgivingthedisgracednobleladyirescuedacrashcourseinnaughtinessillspoilherwithdelicaciesandstyletomakeherthehappiestwomanintheworld,I'm Giving the Disgraced Noble Lady I Rescued a Crash Course in Naughtiness: I'll Spoil Her with Delicacies and Style to Make Her the Happiest Woman in the World!
iminlovewiththevillainess,I'm in Love with the Villainess
iminlovewiththevillainessshessocheekyforacommoner,I'm in Love with the Villainess: She's so Cheeky for a Commoner
imjustavillagersowhat,"I'm Just a Villager, so what?"
imnotthehero,I'm Not the Hero!
imperialreincarnationicameisawisurvived,"Imperial Reincarnation: I Came, I Saw, I Survived"
imtheevillordofanintergalacticempire,I'm the Evil Lord of an Intergalactic Empire!
imtheheroicknightofanintergalacticempire,I'm the Heroic Knight of an Intergalactic Empire!
imthestrongestinthiszombieworldbuticantbeatthisgirl,"I'm the Strongest in This Zombie World, But I Can't Beat This Girl!"
imthevillainesssoimtamingthefinalboss,"I'm the Villainess, So I'm Taming the Final Boss"
inanotherworldwithhouseholdspells,In Another World with Household Spells
inanotherworldwithmysmartphone,In Another World With My Smartphone
inaworldofliesifellintoanunforgettablelove,"In a World of Lies, I Fell into an Unforgettable Love"
infinitedendrogram,Infinite Dendrogram
infinitedendrogramsp,Infinite Dendrogram SP
infinitestratos,Infinite Stratos
inmyseventhlifeimetamonsterprincess,"In My Seventh Life, I Met a Monster Princess"
interspeciesreviewers,Interspecies Reviewers
inthelandofleadale,In the Land of Leadale
invadersoftherokujouma,Invaders of the Rokujouma!?
invadersoftherokujoumakickstarterbackerstories,Invaders of the Rokujouma!? Kickstarter Backer Stories
ionlyhavesixmonthstolivesoimgonnabreakthecursewithlightmagicordietrying,"I Only Have Six Months to Live, So I'm Gonna Break the Curse with Light Magic or Die Trying"
iparryeverythingwhatdoyoumeanimthestrongestimnotevenanadventureryet,I Parry Everything: What Do You Mean I'm the Strongest? I'm Not Even an Adventurer Yet!
irefusetobeyourenemy,I Refuse to Be Your Enemy!
ireincarnatedasevilalicesotheonlythingimcourtingisdeath,"I Reincarnated As Evil Alice, So the Only Thing I'm Courting Is Death!"
irinathevampirecosmonaut,Irina: The Vampire Cosmonaut
isavedtoomanygirlsandcausedtheapocalypse,I Saved Too Many Girls and Caused the Apocalypse
isekairebuildingproject,Isekai Rebuilding Project
isekaitenseirecruitedtoanotherworld,Isekai Tensei: Recruited to Another World
isekaiwalking,Isekai Walking
ishallsurviveusingpotions,I Shall Survive Using Potions!
ishura,Ishura
isitwrongtopickupgirlsinadungeon,Is It Wrong to Pick Up Girls in a Dungeon?
isitwrongtotrytopickupgirlsinadungeon,Is It Wrong to Try to Pick Up Girls in a Dungeon?
isitwrongtotrytopickupgirlsinadungeonfamiliachronicle,Is It Wrong to Try to Pick Up Girls in a Dungeon? Familia Chronicle
isitwrongtotrytopickupgirlsinadungeonminormythsandlegends,Is It Wrong to Try to Pick Up Girls in a Dungeon? Minor Myths and Legends
isitwrongtotrytopickupgirlsinadungeononthesideswordoratoria,Is It Wrong to Try to Pick Up Girls in a Dungeon? On the Side: Sword Oratoria
isurrenderedmyswordforanewlifeasamage,I Surrendered My Sword for a New Life as a Mage
isweariwontbotheryouagain,I Swear I Won't Bother You Again!
itstoughbeinganecromancer,It's Tough Being a Necromancer
ivebeenkillingslimesfor300yearsandmaxedoutmylevel,I've Been Killing Slimes for 300 Years and Maxed Out My Level
iwanttobeasaintbuticanonlyuseattackmagic,"I Want to Be a Saint, But I Can Only Use Attack Magic!"
iwanttoeatyourpancreas,I Want to Eat Your Pancreas
iwanttoescapefromprincesslessons,I Want to Escape from Princess Lessons
iwasabottomtierbureaucratfor1500yearsandthedemonkingmademeaminister,"I Was a Bottom-Tier Bureaucrat for 1,500 Years, and the Demon King Made Me a Minister"
iwillforgetthisfeelingsomeday,I Will Forget This Feeling Someday
iwishicouldmeetyouagainonthehillwherethatflowerblooms,I Wish I Could Meet You Again on the Hill Where That Flower Blooms
jeanettethegeniusdefyingmyevilstepmotherbystartingabusinesswithmyrideordiefiance,Jeanette the Genius: Defying My Evil Stepmother by Starting a Business with My Ride-or-Die Fiancé!
jkharuisasexworkerinanotherworld,JK Haru Is a Sex Worker in Another World
johnsinclairdemonhunter,John Sinclair: Demon Hunter
joseethetigerandthefish,"Josee, the Tiger and the Fish"
joyfulreunion,Joyful Reunion
jujutsukaisen,Jujutsu Kaisen
junitaisen,Juni Taisen
junitaisenzodiacwar,Juni Taisen: Zodiac War
junjiito,Junji Ito
kabukimonogatari,Kabukimonogatari
kageroudaze,Kagerou Daze
kaijuno8,Kaiju No. 8
kakuriyoshinjukigodsdoctorstartsapracticeinanotherworld,Kakuriyo Shinjuki God's Doctor Starts a Practice in Another World
katanagatari,KATANAGATARI
kieli,Kieli
kingdomhearts,Kingdom Hearts
kingdomhearts3582days,Kingdom Hearts 358/2 Days
kingdomhearts3582daysthenovel,Kingdom Hearts 358/2 Days: The Novel
kingdomhearts3ddreamdropdistance,Kingdom Hearts 3D: Dream Drop Distance
kingdomhearts3ddreamdropdistancethenovel,Kingdom Hearts 3D: Dream Drop Distance The Novel
kingdomheartsbirthbysleepthenovel,Kingdom Hearts Birth by Sleep: The Novel
kingdomheartschainofmemories,Kingdom Hearts: Chain of Memories
kingdomheartschainofmemoriesthenovel,Kingdom Hearts: Chain of Memories The Novel
kingdomheartsfinalmix,Kingdom Hearts: Final Mix
kingdomheartsii,Kingdom Hearts II
kingdomheartsiii,Kingdom Hearts III
kingdomheartsiithenovel,Kingdom Hearts II: The Novel
kingdomheartsrecoded,Kingdom Hearts Re:coded
kingdomheartsthecompletenovel,Kingdom Hearts: The Complete Novel
kingdomheartsthenovel,Kingdom Hearts: The Novel
kingdomheartsx,Kingdom Hearts X
kingofthelabyrinth,King of the Labyrinth
kingsproposal,King's Proposal
kinnporsche,KinnPorsche
kizumonogatari,KizuMonogatari
knightsmagic,Knight's & Magic
knockyourselfoutthegoddessbeatthefinalbossinthetutorialsonowimfreetodowhatever,"Knock Yourself Out! The Goddess Beat the Final Boss in the Tutorial, So Now I'm Free to Do Whatever"
koboldking,Kobold King
koimonogatari,Koimonogatari
kokoroconnect,Kokoro Connect
konosuba,Konosuba
konosubaanexplosiononthiswonderfulworld,Konosuba: An Explosion on This Wonderful World!
konosubaanexplosiononthiswonderfulworldbonusstory,Konosuba: An Explosion on This Wonderful World! Bonus Story
konosubagodsblessingonthiswonderfulworld,Konosuba: God's Blessing on This Wonderful World!
konosubagodsblessingonthiswonderfulworldmemorialfanbook,Konosuba: God's Blessing on This Wonderful World! Memorial Fan Book
konosubagodsblessingonthiswonderfulworldtrpg,Konosuba: God's Blessing on This Wonderful World! TRPG
koyomimonogatari,Koyomimonogatari
kumakumakumabear,Kuma Kuma Kuma Bear
kunonthesorcerercansee,Kunon the Sorcerer Can See
kunonthesorcerercanseethrough,Kunon the Sorcerer Can See Through
kusunokisgardenofgods,Kusunoki's Garden of Gods
labyrinthangel,Labyrinth Angel
laceylongsforfreedomthedawnwitchslowkeylifeafterdefeatingthedemonking,Lacey Longs for Freedom: The Dawn Witch's Low-Key Life after Defeating the Demon King
ladybumpkinandherlordvillain,Lady Bumpkin and Her Lord Villain
ladyrosejustwantstobeacommoner,Lady Rose Just Wants to Be a Commoner
lastandfirstidol,Last and First Idol
lastroundarthurs,Last Round Arthurs
lastroundarthursscumarthurhereticmerlin,Last Round Arthurs: Scum Arthur & Heretic Merlin
lazydungeonmaster,Lazy Dungeon Master
legendofexorcismtianbaofuyaolu,Legend of Exorcism: Tianbao Fuyao Lu
legendofthefareastssavior,Legend of the Far East's Savior
legendofthegalacticheroes,Legend of the Galactic Heroes
letsgettovillainessinstratagemsofaformercommoner,Let's Get to Villainessin': Stratagems of a Former Commoner
letthisgrievingsoulretire,Let This Grieving Soul Retire
liarliar,"Liar, Liar"
liarsjourneyrebornasafalseheroillsavethetragicheroinefromeverydeathroute,Liar's Journey: Reborn as a False Hero – I'll Save the Tragic Heroine from Every Death Route!
lilaandthewindsofwar,Lila and the Winds of War
littleprincessinfairyforest,Little Princess in Fairy Forest
littlewitchacademia,Little Witch Academia
loghorizon,Log Horizon
lonerlifeinanotherworld,Loner Life in Another World
longstoryshortimlivinginthemountains,"Long Story Short, I'm Living in the Mountains"
looksareallyouneed,Looks Are All You Need
lookslikeajobforamaidthetalesofadismissedsupermaid,Looks like a Job for a Maid! The Tales of a Dismissed Supermaid
lordofmysteries,Lord of Mysteries
lordofthesandsoftime,Lord of the Sands of Time
loupsgarous,Loups-Garous
loutofcountsfamily,Lout of Count's Family
lovebetweenfairyanddevil,Love Between Fairy and Devil
loveisdark,Love Is Dark
lovemagicacademy,Love & Magic Academy
lovestruckprinceillfighttheheroineformyvillainessfiancee,Lovestruck Prince! I'll Fight the Heroine for My Villainess Fiancée!
loveunderthebluemoonfallinginloveagain,Love Under the Blue Moon: Falling in Love Again
loveunseenbeneaththeclearnightsky,Love Unseen Beneath the Clear Night Sky
loyalsoldierlustfulbeast,"Loyal Soldier, Lustful Beast"
luciaandtheloomweavingherwaytohappiness,Lucia and the Loom: Weaving Her Way to Happiness
lycorisrecoil,Lycoris Recoil
lycorisrecoilmanga,Lycoris Recoil (manga)
lycorisrecoilofficialcomicanthologyreact,Lycoris Recoil Official Comic Anthology: React
lycorisrecoilofficialcomicanthologyreload,Lycoris Recoil Official Comic Anthology: Reload
lycorisrecoilordinarydays,Lycoris Recoil: Ordinary Days
lycorisrecoilrecoverydays,Lycoris Recoil: Recovery Days
maboroshi,Maboroshi
maddrax,Maddrax
magicalbuffsthesupportcasterisstrongerthanherealized,Magical Buffs: The Support Caster is Stronger Than He Realized!
magicalexplorer,Magical Explorer
magicalexplorerrebornasasidecharacterinafantasydatingsim,Magical Explorer: Reborn as a Side Character in a Fantasy Dating Sim
magicalgirlraisingproject,Magical Girl Raising Project
magicknightoftheoldways,Magic Knight of the Old Ways
magicmakerhowtocreatemagicinanotherworld,Magic Maker: How to Create Magic in Another World
magicmoon,Magic Moon
magicstonegourmeteatingmagicalpowermademethestrongest,Magic Stone Gourmet: Eating Magical Power Made Me The Strongest
magicuserreborninanotherworld,Magic User Reborn in Another World
magicuserreborninanotherworldasamaxlevelwizard,Magic User: Reborn in Another World as a Max Level Wizard
magistellusbadtrip,Magistellus Bad Trip
maidenoftheneedle,Maiden of the Needle
makeinetoomanylosingheroines,Makeine: Too Many Losing Heroines!
makeitstopimnotstrongitsjustmysword,Make It Stop! I'm Not Strong… It's Just My Sword!
makingjaminthewoodsmyrelaxinglifestartsinanotherworld,Making Jam in the Woods: My Relaxing Life Starts in Another World
makingmagicthesweetlifeofawitchwhoknowsaninfinitemploophole,Making Magic: The Sweet Life of a Witch Who Knows an Infinite MP Loophole
managementofanovicealchemist,Management of a Novice Alchemist
manwhodoesnttakeoffhisclothes,Man Who Doesn't Take Off His Clothes
maohden,Maohden
mappingthetrashtierskillthatgotmeintoatoptierparty,Mapping: The Trash-Tier Skill That Got Me Into a Top-Tier Party
mardockscramble,Mardock Scramble
marriagedivorceandbeyondthewhitemageandblackknightsromancereignited,"Marriage, Divorce, and Beyond: The White Mage and Black Knight's Romance Reignited"
masqueradeandthenamelesswomen,Masquerade and the Nameless Women
maytheseleadenbattlegroundsleavenotrace,May These Leaden Battlegrounds Leave No Trace
meageniusiwasrebornintoanotherworldandithinktheyvegotthewrongidea,"Me, a Genius? I Was Reborn into Another World and I Think They've Got the Wrong Idea!"
mealsmadetoorderhowtodomesticateyourdragonwithdelicacies,Meals Made to Order: How to Domesticate Your Dragon with Delicacies!
megumihayashibarasthecharacterstaughtmeeverything,Megumi Hayashibara's The Characters Taught Me Everything
meikyuulabyrinthkingdomatacticalfantasyworldsurvivalguide,"Meikyuu: Labyrinth Kingdom, A Tactical Fantasy World Survival Guide"
melancholyofmechagirl,Melancholy of Mechagirl
mercedesandthewaningmoonthedungeoneeringfeatsofadiscardedvampirearistocrat,Mercedes and the Waning Moon: The Dungeoneering Feats of a Discarded Vampire Aristocrat
metalgearsolid,Metal Gear Solid
metalgearsolidgunsofthepatriot,Metal Gear Solid: Guns of the Patriot
miaandtheforbiddenmedicinereport,Mia and the Forbidden Medicine Report
middleagedbusinessmanariseinanotherworld,"Middle-Aged Businessman, Arise in Another World!"
mikaguraschoolsuite,Mikagura School Suite
minmaxingmytrpgbuildinanotherworld,Min-Maxing My TRPG Build in Another World
mirai,Mirai
mirilivesinthecatseyes,Miri Lives in the Cat's Eyes
mirrorswordandshadowprince,Mirror Sword and Shadow Prince
missblossomsbackwardbeautystandardsgivemetheuglycrownprince,Miss Blossom's Backward Beauty Standards: Give Me the Ugly Crown Prince!
missing,Missing
misssavagefang,Miss Savage Fang
mixedbathinginanotherdimension,Mixed Bathing in Another Dimension
mm9,MM9
moderndungeoncapturestartingwithbrokenskills,Modern Dungeon Capture Starting with Broken Skills
modernvillainess,Modern Villainess
modernvillainessitsnoteasybuildingacorporateempirebeforethecrash,Modern Villainess: It's Not Easy Building a Corporate Empire Before the Crash
monogatari,MONOGATARI
monstergirldoctor,Monster Girl Doctor
monstergirlencyclopedia,Monster Girl Encyclopedia
monsterholic,Monsterholic
monstermusume,Monster Musume
monstermusumethenovel,Monster Musume The Novel
monstermusumethenovelmonstergirlsonthejob,Monster Musume The Novel – Monster Girls on the Job!
monstertamer,Monster Tamer
moonblossomasuratheruthlessreincarnatedmercenaryformstheultimatearmy,Moon Blossom Asura: The Ruthless Reincarnated Mercenary Forms the Ultimate Army
moscow2160,Moscow 2160
musclesarebetterthanmagic,Muscles are Better Than Magic!
mushokutenseijoblessreincarnation,Mushoku Tensei: Jobless Reincarnation
mushokutenseiredundantreincarnation,Mushoku Tensei: Redundant Reincarnation
mybeautifulman,My Beautiful Man
mybigsisterlivesinafantasyworld,My Big Sister Lives in a Fantasy World
mydaughterleftthenestandreturnedansrankadventurer,My Daughter Left the Nest and Returned an S-Rank Adventurer
myfavoritesongthesilversiren,My Favorite Song ~The Silver Siren~
myfiancecheatedbutanewloverings,"My Fiancé Cheated, But a New Love Rings!"
myfirstloveskiss,My First Love's Kiss
myfriendslittlesisterhasitinforme,My Friend's Little Sister Has It In for Me!
mygirlfriendcheatedonmeandnowmyflirtyunderclassmanwontleavemealone,"My Girlfriend Cheated on Me, and Now My Flirty Underclassman Won't Leave Me Alone!"
mygirlfriendsageek,My Girlfriend's a Geek
mygirlfriendsageeknovel,My Girlfriend's a Geek Novel
myhappymarriage,My Happy Marriage
myheroacademia,My Hero Academia
myheroacademiaschoolbriefs,My Hero Academia: School Briefs
myhusbandandisleepinacoffin,My Husband and I Sleep in a Coffin
myinstantdeathabilityisoverpowered,My Instant Death Ability Is Overpowered
myinstantdeathabilityissooverpowerednooneinthisotherworldstandsachanceagainstme,"My Instant Death Ability Is So Overpowered, No One in This Other World Stands a Chance Against Me!"
mylittlesistercanreadkanji,My Little Sister Can Read Kanji
mymagicalcareeratcourtlivingthedreamaftermynightmarebossfiredmefromthemagesguild,My Magical Career at Court: Living the Dream After My Nightmare Boss Fired Me from the Mages' Guild!
myneighbortotoro,My Neighbor Totoro
mynextlifeasavillainessallroutesleadtodoom,My Next Life as a Villainess: All Routes Lead to Doom!
mypetisasaintess,My Pet is a Saintess
myquietblacksmithlifeinanotherworld,My Quiet Blacksmith Life in Another World
mystatusasanassassinobviouslyexceedstheheros,My Status as an Assassin Obviously Exceeds the Hero's
mystepmomsdaughterismyex,My Stepmom's Daughter Is My Ex
mysummonedbeastisdead,My Summoned Beast Is Dead
myteenromanticcomedysnafu,My Teen Romantic Comedy SNAFU
myuniqueskillmakesmeopevenatlevel1,My Unique Skill Makes Me OP even at Level 1
myyouthromanticcomedyiswrongasiexpected,"My Youth Romantic Comedy Is Wrong, As I Expected"
nagisanatsunagistillwantstobeahighschoolgirl,Nagisa Natsunagi Still Wants to Be a High School Girl
nappingprincess,Napping Princess
naruto,Naruto
neongenesisevangelionanima,Neon Genesis Evangelion: ANIMA
newgameplusafterdefeatingthelastboss,New Game Plus After Defeating the Last Boss
nialistonthemercilessmaiden,Nia Liston: The Merciless Maiden
nier,NieR
nierautomata,NieR:Automata
nightonthegalacticrailroad,Night on the Galactic Railroad
nightonthegalacticrailroadandotherstoriesfromihatov,Night on the Galactic Railroad and Other Stories from Ihatov
nisemonogatari,Nisemonogatari
noblevgreylancer,Noble V: Greylancer
nogamenolife,No Game No Life
nogamenolifepracticalwargame,No Game No Life Practical War Game
noonegetspastthisgatekeepertheunwantedwarriorguardshisnewpost,No One Gets Past This Gatekeeper: The Unwanted Warrior Guards His New Post
notoriousnomorethevillainessenjoysfeigningincompetence,Notorious No More: The Villainess Enjoys Feigning Incompetence
nowifenoproblemamageslifewithhisbeloveddaughter,"No Wife, No Problem: A Mage's Life with His Beloved Daughter"
nowimademonlordhappilyeverafterwithmonstergirlsinmydungeon,Now I'm a Demon Lord! Happily Ever After with Monster Girls in My Dungeon
nowyoureoneofus,Now You're One of Us
observationrecordsofbertiaseries,Observation Records of Bertia Series
observationrecordsofmyfianceethemisadventuresofaselfproclaimedvillainess,Observation Records of My Fiancée: The Misadventures of a Self-Proclaimed Villainess
obsessionsofanotomegamer,Obsessions of an Otome Gamer
occulticnine,Occultic;Nine
ofdragonsandfae,Of Dragons and Fae
ofdragonsandfaeisafairytaleendingpossiblefortheprincessshairstylist,Of Dragons and Fae: Is a Fairy Tale Ending Possible for the Princess's Hairstylist?
oldknightnewpostfromretireetohermajestysblade,"Old Knight, New Post: From Retiree to Her Majesty's Blade"
omniscientreadersviewpoint,Omniscient Reader's Viewpoint
onceuponawitchsdeath,Once Upon a Witch's Death
onceuponawitchsdeaththetaleoftheonethousandtearsofjoy,Once Upon a Witch's Death: The Tale of the One Thousand Tears of Joy
onelasthurrahthegrayedheroesexploreavividfuture,One Last Hurrah! The Grayed Heroes Explore a Vivid Future
onepiece,One Piece
onepiecelawsstory,One Piece: Law's Story
onimonogatari,Onimonogatari
online,Online!
onlyiknowtheghoulsavedtheworld,Only I Know the Ghoul Saved the World
onlytheringfingerknows,Only the Ring Finger Knows
onlythevillainouslordwieldsthepowertolevelup,Only the Villainous Lord Wields the Power to Level Up
onmyojiandtengueyes,Onmyoji and Tengu Eyes
orbitalcloud,Orbital Cloud
orceroica,Orc Eroica
oshinokospicathefirststar,[Oshi No Ko] Spica the First Star
othersidepicnic,Otherside Picnic
otorimonogatari,Otorimonogatari
ourcrappysocialgameclubisgonnamakethemostepicgame,Our Crappy Social Game Club Is Gonna Make the Most Epic Game
ourlastcrusadeortheriseofanewworld,Our Last Crusade or the Rise of a New World
ourlastcrusadeortheriseofanewworldsecretfile,Our Last Crusade or the Rise of a New World: Secret File
ourpartynearlywipedandtheneverythingwentdownhill,Our Party Nearly Wiped and Then Everything Went Downhill
outbreakcompany,Outbreak Company
outerragna,Outer Ragna
overlord,Overlord
oversummonedoverpoweredandoverit,"Oversummoned, Overpowered, and Over It!"
owarimonogatari,Owarimonogatari
pandoraheartscaucusrace,PandoraHearts ~Caucus Race~
pastlifecountesspresentlifeotomegamenpc,"Past Life Countess, Present Life Otome Game NPC?!"
payingtowininavrmmo,Paying to Win in a VRMMO
peddlerinanotherworldicangobacktomyworldwheneveriwant,Peddler in Another World: I Can Go Back to My World Whenever I Want!
penguindrum,PENGUINDRUM
penguinhighway,Penguin Highway
pensdownswordsupthrowyourstudiestothewind,"Pens Down, Swords Up: Throw Your Studies to the Wind"
perfectblue,Perfect Blue
perryrhodanneo,Perry Rhodan NEO
peterpan,Peter Pan
phantasmjapan,Phantasm Japan
phantomthiefred,Phantom Thief Red
picturelettersfromthecommanderinchief,Picture Letters From the Commander In Chief
planetoftheorcs,Planet of the Orcs
playingdeathgamestoputfoodonthetable,Playing Death Games to Put Food on the Table
predatorwitches,Predator Witches
prettyboydetectiveclub,Pretty Boy Detective Club
prideandprejudice,Pride and Prejudice
prisonlifeiseasyforavillainess,Prison Life is Easy for a Villainess
privatetutortothedukesdaughter,Private Tutor to the Duke's Daughter
promisedtoadragon,Promised to a Dragon
psycome,Psycome
qualiathepurple,Qualia the Purple
rapunzelofthemagicitemshop,Rapunzel of the Magic Item Shop
rascaldoesnotdream,Rascal Does Not Dream
rascaldoesnotdreamofbunnygirlsenpai,Rascal Does Not Dream of Bunny Girl Senpai
ravenoftheinnerpalace,Raven of the Inner Palace
reallife,Real Life
rebornasanaristocraticscoundrelibrokethegameandmasteredmagicbeyondlimits,"Reborn as an Aristocratic Scoundrel, I Broke the Game and Mastered Magic Beyond Limits!"
rebornasanassassinsapprentice,Reborn as an Assassin's Apprentice
rebornasaspacemercenary,Reborn as a Space Mercenary
rebornasaspacemercenaryiwokeuppilotingthestrongeststarship,Reborn as a Space Mercenary: I Woke Up Piloting the Strongest Starship!
rebornasavendingmachineinowwanderthedungeon,"Reborn as a Vending Machine, I Now Wander the Dungeon"
reborntomasterthebladefromherokingtoextaordinarysquire,Reborn to Master the Blade: From Hero-King to Extaordinary Squire
reborntomasterthebladefromherokingtoextraordinarysquire,Reborn to Master the Blade: From Hero-King to Extraordinary Squire ♀
rebuildworld,Rebuild World
recommendationsforbadchildren,Recommendations for Bad Children
recordoflodosswar,Record of Lodoss War
recordofworteniawar,Record of Wortenia War
redefiningthemetaatvrmmoacademy,Redefining the META at VRMMO Academy
redgirls,Red Girls
reflectionofanotherworld,Reflection of Another World
reforminganicyfinalbossgettingbackattheselfproclaimedvillainesswiththepoweroffriendship,Reforming an Icy Final Boss: Getting Back at the Self-Proclaimed Villainess with the Power of Friendship
reignofthesevenspellblades,Reign of the Seven Spellblades
reignofthesevenspellbladessideoffire,Reign of the Seven Spellblades: Side of Fire
reincarnatedasadragonhatchling,Reincarnated as a Dragon Hatchling
reincarnatedasanapplethisforbiddenfruitisforeverunblemished,Reincarnated as an Apple: This Forbidden Fruit Is Forever Unblemished!
reincarnatedasasword,Reincarnated as a Sword
reincarnatedasthelastofmykind,Reincarnated as the Last of my Kind
reincarnatedasthepiggydukethistimeimgonnatellherhowifeel,Reincarnated as the Piggy Duke: This Time I'm Gonna Tell Her How I Feel!
reincarnatedintoagameastheherosfriendrunningthekingdombehindthescenes,Reincarnated Into a Game as the Hero's Friend: Running the Kingdom Behind the Scenes
reincarnatedmagewithinferioreyesbreezingthroughthefutureasanoppressedexhero,Reincarnated Mage with Inferior Eyes: Breezing through the Future as an Oppressed Ex-Hero
reluctantspacecommanderfromdeathwishtogalactichero,Reluctant Space Commander: From Death Wish to Galactic Hero!
remonster,Re:Monster
repeatedviceirefusetobeimportantenoughtodie,Repeated Vice: I Refuse to Be Important Enough to Die
rerereincarnatorexecutioner,Re:RE — Reincarnator Executioner
resettheimprisonedprincessdreamsofanotherchance,Reset! The Imprisoned Princess Dreams of Another Chance!
restauranttoanotherworld,Restaurant to Another World
retrograde,Retrograde
returnfromdeath,Return from Death
revengeofthesouleatercastoutasaweaklingbymyswordsaintfather,Revenge of the Soul Eater: Cast Out as a Weakling by My Sword Saint Father
revolutionaryrepriseoftheblueroseprincess,Revolutionary Reprise of the Blue Rose Princess
rezero,Re:ZERO
rezeroex,Re:ZERO Ex
rezerostartinglifeinanotherworld,Re:ZERO -Starting Life in Another World-
rezerostartinglifeinanotherworldex,Re:ZERO -Starting Life in Another World- Ex
rezerostartinglifeinanotherworldshortstorycollection,Re:ZERO -Starting Life in Another World- Short Story Collection
rezerostartinglifeinanotherworldthefrozenbond,"Re:ZERO -Starting Life in Another World-, The Frozen Bond"
rideyourwave,Ride Your Wave
rikucantbeagoddess,Riku Can't Be a Goddess
rippingsomeoneopenonlymakesthembleed,Ripping Someone Open Only Makes Them Bleed
risingfromashesmydearemperoryoureputtyinmyhands,"Rising from Ashes: My Dear Emperor, You're Putty in My Hands!"
riverbayroadmensdormitory,Riverbay Road Men's Dormitory
riviereandthelandofprayer,Riviere and the Land of Prayer
rocketgirls,Rocket Girls
rokkabravesofthesixflowers,Rokka: Braves of the Six Flowers
rolloveranddie,ROLL OVER AND DIE
rolloveranddieiwillfightforanordinarylifewithmyloveandcursedsword,ROLL OVER AND DIE: I Will Fight for an Ordinary Life with My Love and Cursed Sword!
romanceoftheimperialcapitalkotogami,Romance of the Imperial Capital Kotogami
romanceoftheimperialcapitalkotogamiataleoflivingalongsidespirits,Romance of the Imperial Capital Kotogami: A Tale of Living Alongside Spirits
romancerevivedannpcwasthefinalbossslove,Romance Revived: An NPC Was the Final Boss's Love
rootdoublebeforecrimeafterdays,Root Double -Before Crime * After Days-
royalspiritsarearoyalpaingivemearegularromance,Royal Spirits Are a Royal Pain! Give Me a Regular Romance
runwildsaye,Run Wild: Sa Ye
rvingmywayintoexilewithmybelovedcatthisvillainessistrippin,RVing My Way into Exile with My Beloved Cat: This Villainess Is Trippin'
sabikuibisco,Sabikui Bisco
safesoundinthearmsofaneliteknight,Safe & Sound in the Arms of an Elite Knight
saintnoimjustapassingbeasttamer,Saint? No! I'm Just a Passing Beast Tamer!
sarazanmai,Sarazanmai
sasakiagency,Sasaki Agency
sasakiagencyseries,Sasaki Agency Series
sasakiandmiyano,Sasaki and Miyano
sasakiandmiyanofirstyears,Sasaki and Miyano: First-Years
sasakiandpeeps,Sasaki and Peeps
satoshikon,Satoshi Kon
saving80000goldinanotherworldformyretirement,"Saving 80,000 Gold in Another World for My Retirement"
savingaweaponshopfrombankruptcyafterthedemonkingsdefeat,Saving a Weapon Shop from Bankruptcy after the Demon King's Defeat
schoolgirl,Schoolgirl
scoopedupbyansrankadventurerthiswhitemageisoneheckofahealer,Scooped Up by an S-Rank Adventurer! This White Mage Is One Heck of a Healer
scpfoundation,SCP Foundation
scpfoundationiristhroughthelookingglass,SCP Foundation: Iris Through the Looking Glass
secretsofthesilentwitch,Secrets of the Silent Witch
secretsofthesilentwitchanother,Secrets of the Silent Witch -another-
seireigensoukispiritchronicles,Seirei Gensouki: Spirit Chronicles
selfreferenceengine,Self-Reference ENGINE
semanticerror,Semantic Error
sentencedtobeahero,Sentenced to Be a Hero
seraphoftheend,Seraph of the End
seraphoftheendgurenichinoseresurrectionatnineteen,Seraph of the End Guren Ichinose Resurrection at Nineteen
seriouslyseekingsisterultimatevampireprincessjustwantslittlesisterplentyofservicewillbeprovided,Seriously Seeking Sister! Ultimate Vampire Princess Just Wants Little Sister; Plenty of Service Will Be Provided!
ses,S:Es
seventh,Seventh
sexiled,Sexiled
sexiledmysexistpartyleaderkickedmeoutsoiteamedupwithamythicalsorceress,"Sexiled: My Sexist Party Leader Kicked Me Out, So I Teamed Up With a Mythical Sorceress!"
shannonwantstodie,Shannon Wants to Die!
shanti,Shanti
sheprofessedherselfpupilofthewiseman,She Professed Herself Pupil of the Wise Man
shesthecutestbutwerejustfriends,She's the Cutest... But We're Just Friends!
shinjuku,Shinjuku
sidebysidedreamers,Side-By-Side Dreamers
sinceiwasabandonedafterreincarnatingiwillcookwithmyfluffyfriends,"Since I Was Abandoned After Reincarnating, I Will Cook With My Fluffy Friends"
sisyphean,Sisyphean
skeletonknightinanotherworld,Skeleton Knight in Another World
slayers,Slayers
slumonline,Slum Online
sodearlyreckless,So Dearly Reckless
soimaspidersowhat,"So I'm a Spider, So What?"
soimaspidersowhatex,"So I'm a Spider, So What? Ex"
sololeveling,Solo Leveling
sorcerousstabberorphenthewaywardjourney,Sorcerous Stabber Orphen: The Wayward Journey
soundeuphonium,Sound! Euphonium
soupforest,Soup Forest
soupforestthestoryofthewomanwhospeakswithanimalsandtheformermercenary,Soup Forest: The Story of the Woman Who Speaks with Animals and the Former Mercenary
sowingvengeancetheeldestsonsdisgracefulgreenthumb,Sowing Vengeance: The Eldest Son's Disgraceful Green Thumb
soyouwanttolivetheslowlife,So You Want to Live the Slow Life?
soyouwanttolivetheslowlifeaguidetolifeinthebeastlywilds,So You Want to Live the Slow Life? A Guide to Life in the Beastly Wilds
spaceorcbarbarianraiderofthestarsaimingforthequeen,"Space Orc: Barbarian Raider of the Stars, Aiming for the Queen!"
spiceandwolf,Spice and Wolf
spyclassroom,Spy Classroom
spyclassroomshortstorycollection,Spy Classroom Short Story Collection
spyxfamily,Spy x Family
starsofchaos,Stars of Chaos
strawberrypanic,Strawberry Panic
striketheblood,Strike the Blood
strongestgamerletsplayinanotherworld,Strongest Gamer: Let's Play in Another World
stuckinatimeloopwhenallelsefailsbeavillainess,"Stuck in a Time Loop: When All Else Fails, Be a Villainess"
studiochizusbelle,Studio Chizu's BELLE
studioghibli,Studio Ghibli
sugarapplefairytale,Sugar Apple Fairy Tale
summerfireworksandmycorpse,"Summer, Fireworks, and My Corpse"
summerghost,Summer Ghost
supposeakidfromthelastdungeonbooniesmovedtoastartertown,Suppose a Kid from the Last Dungeon Boonies Moved to a Starter Town
survivalinanotherworldwithmymistress,Survival in Another World with My Mistress!
survivalstrategiesofacorruptaristocrat,Survival Strategies of a Corrupt Aristocrat
survivinginanotherworldasavillainessfoxgirl,Surviving in Another World as a Villainess Fox Girl!
suzume,Suzume
swordartonline,Sword Art Online
swordartonlinealternativecloversregret,Sword Art Online Alternative Clover's Regret
swordartonlinealternativegungaleonline,Sword Art Online Alternative Gun Gale Online
swordartonlineprogressive,Sword Art Online Progressive
swordofthedemonhunter,Sword of the Demon Hunter
swordofthedemonhunterkijingentosho,Sword of the Demon Hunter: Kijin Gentōshō
swordofthestallion,Sword of the Stallion
swordsaintadelssecondchance,Sword Saint Adel's Second Chance
takethesetalentselsewhereadelightfuldemotiontothecountryside,Take These Talents Elsewhere: A Delightful Demotion to the Countryside
takingmyreincarnationonestepatatimenoonetoldmetherewouldbemonsters,Taking My Reincarnation One Step at a Time: No One Told Me There Would Be Monsters!
tearmoonempire,Tearmoon Empire
tenbilliondaysandonehundredbillionnights,Ten Billion Days and One Hundred Billion Nights
tenchimuyo,Tenchi Muyo!
teogonia,Teogonia
tezcatlipoca,Tezcatlipoca
thattimeigotreincarnatedasaslime,That Time I Got Reincarnated as a Slime
the100girlfriendswhoreallyreallyreallyreallyreallyloveyou,"The 100 Girlfriends Who Really, Really, Really, Really, Really Love You"
the100girlfriendswhoreallyreallyreallyreallyreallyloveyousecretlovestory,"The 100 Girlfriends Who Really, Really, Really, Really, Really Love You: Secret Love Story"
the100thtimesthecharmshewasexecuted99timessohowdidsheunlocksuperlovemode,"The 100th Time's the Charm: She Was Executed 99 Times, So How Did She Unlock “Super Love” Mode?!"
theabandonedheiressgetsrichwithalchemyandscoresanenemygeneral,The Abandoned Heiress Gets Rich with Alchemy and Scores an Enemy General!
theabandonedreincarnationsagebuildingamightyempirewithmonsterswithinthemonstersforest,The abandoned reincarnation sage: Building a mighty empire with monsters within the monster's forest
theaccursedchefandhispairoffurryfoodies,The Accursed Chef and His Pair of Furry Foodies
theadorabledungeonmaster,The Adorable Dungeon Master
theakibalabyrinthalittletripwithmylittlebig,The Akiba Labyrinth: A Little Trip with My Little Big
thealchemistsfluffyislandgetaway,The Alchemist's Fluffy Island Getaway
thealchemistwhosurvivednowdreamsofaquietcitylife,The Alchemist Who Survived Now Dreams of a Quiet City Life
theamazingvillagecreatorslowlivingwiththevillagebuildingcheatskill,The Amazing Village Creator: Slow Living with the Village Building Cheat Skill
theancientmagusbride,The Ancient Magus' Bride
theancientmagusbridesupplement,The Ancient Magus' Bride Supplement
theangelnextdoorspoilsmerotten,The Angel Next Door Spoils Me Rotten
theapothecarydiaries,The Apothecary Diaries
theapothecarywitchturneddivorceagent,The Apothecary Witch Turned Divorce Agent
theasteriskwar,The Asterisk War
theazuredragonsdevotionanofferingofthreecenturiestoyou,The Azure Dragon's Devotion: An Offering of Three Centuries to You
theazureswordslayerofdistortions,"The Azure Sword, Slayer of Distortions"
thebanishedformerherolivesashepleases,The Banished Former Hero Lives as He Pleases
thebeastsmate,The Beast's Mate
thebeautysblademeirenjian,The Beauty's Blade: Mei Ren Jian
thebladesmithsenchantedweapons,The Bladesmith's Enchanted Weapons
theblessingofliefeleavethismagicalletdownalone,The Blessing of Liefe: Leave This Magical Letdown Alone!
thebloodline,The Bloodline
thebookofheroes,The Book of Heroes
theboyandthebeast,The Boy and the Beast
theboywhoruledthemonsters,The Boy Who Ruled the Monsters
thebrideofdemise,The Bride of Demise
thebrillianthealersnewlifeintheshadows,The Brilliant Healer's New Life in the Shadows
thebssituationoftougetsuumidori,The BS Situation of Tougetsu Umidori
thebubbleloveofthemermaid,The Bubble Love of the Mermaid
thecageofzeus,The Cage of Zeus
thecanonfoddersascensionfrompawntoworldunifier,The Canon Fodder's Ascension from Pawn to World Unifier
thecasefilesofjewelerrichard,The Case Files of Jeweler Richard
thecenturyofblackships,The Century of Black Ships
thechampionsofjusticeandthesupremerulerofevil,The Champions of Justice and the Supreme Ruler of Evil
thecombatbakerandautomatonwaitress,The Combat Baker and Automaton Waitress
thecondemnedvillainessgoesbackintimeandaimstobecometheultimatevillain,The Condemned Villainess Goes Back in Time and Aims to Become the Ultimate Villain
theconfessionstrategy,The Confession Strategy
theconquerorfromadyingkingdom,The Conqueror from a Dying Kingdom
thecontractbetweenaspecterandaservant,The Contract Between a Specter and a Servant
thecountessisacowardnomorethisreincarnatedwitchjustwantsabreak,The Countess Is a Coward No More! This Reincarnated Witch Just Wants a Break
thecreativegene,The Creative Gene
thecrownofrutilequartz,The Crown of Rutile Quartz
thecursedprincessandtheluckyknight,The Cursed Princess and the Lucky Knight
thedarkguildmasterssmilewouldfitbest,The Dark Guildmaster's Smile Would Fit Best
thedarkmaidens,The Dark Maidens
thedawnofthewitch,The Dawn of the Witch
thedeathmage,The Death Mage
thedeathoftheskeletonswordsmandominatingasacursedsaint,The Death of the Skeleton Swordsman: Dominating as a Cursed Saint
thedeerking,The Deer King
thedemonswordmasterofexcaliburacademy,The Demon Sword Master of Excalibur Academy
thedespicabledukesettleshisaffairs,The Despicable Duke Settles His Affairs
thedetectiveisalreadydead,The Detective Is Already Dead
thedevilisaparttimer,The Devil Is a Part-Timer!
thedevilprincess,The Devil Princess
thediaryofamiddleagedsagescarefreelifeinanotherworld,The Diary of a Middle-Aged Sage's Carefree Life in Another World
thedirtywaytodestroythegoddesssheroes,The Dirty Way to Destroy the Goddess's Heroes
thedisabledtyrantsbelovedpetfish,The Disabled Tyrant's Beloved Pet Fish
thedisownedqueensconsultingdetectiveagency,The Disowned Queen's Consulting Detective Agency
thedooverdamselconquersthedragonemperor,The Do-Over Damsel Conquers the Dragon Emperor
thedorkynpcmercenaryknowshisplace,The Dorky NPC Mercenary Knows His Place
thedrabprincesstheblackcatandthesatisfyingbreakup,"The Drab Princess, the Black Cat, and the Satisfying Break-up"
thedragonandthebladesaintthisisntwhereweend,The Dragon and the Blade Saint: This Isn't Where We End
thedragonssoulmateisamushroomprincess,The Dragon's Soulmate is a Mushroom Princess!
theeccentricmasterandthefakelover,The Eccentric Master and the Fake Lover
theeconomicsofprophecy,The Economics of Prophecy
theeminenceinshadow,The Eminence in Shadow
theemperorsladyinwaitingiswantedasabride,The Emperor's Lady-in-Waiting Is Wanted as a Bride
theemptyboxandzerothmaria,The Empty Box and Zeroth Maria
theephemeralscenesofsetsunasjourney,The Ephemeral Scenes of Setsuna's Journey
theepictaleofthereincarnatedprinceherscherik,The Epic Tale of the Reincarnated Prince Herscherik
theevilqueensbeautifulprinciples,The Evil Queen's Beautiful Principles
theexecutionerandherwayoflife,The Executioner and Her Way of Life
theexilednoblerisesastheholykingbefriendingfluffybeastsandaholymaidenwithmyultimatecheatskill,The Exiled Noble Rises as the Holy King: Befriending Fluffy Beasts and a Holy Maiden with My Ultimate Cheat Skill!
theextraordinarytheordinaryandsoap,"The Extraordinary, the Ordinary, and SOAP!"
thefakeherocrashestheparty,The Fake Hero Crashes the Party
thefarawaypaladin,The Faraway Paladin
thefearsomewitchteachesinanotherworld,The Fearsome Witch Teaches in Another World
theformerassassinwhogotreincarnatedasanoblegirl,The Former Assassin Who Got Reincarnated as a Noble Girl
thefrontierlordbeginswithzerosubjects,The Frontier Lord Begins with Zero Subjects
thefrugalpriestessbecomesasaint,The Frugal Priestess Becomes a Saint
thefruitofevolutionbeforeiknewitmylifehaditmade,The Fruit of Evolution: Before I Knew It My Life Had It Made
thefutureisjapanese,The Future Is Japanese
thegamemasterhasloggedintoanotherworld,The Game Master Has Logged In to Another World
thegardenofwords,The Garden of Words
thegateofsorrows,The Gate of Sorrows
thegeniusprincesguidetoraisinganationoutofdebt,The Genius Prince's Guide to Raising a Nation Out of Debt
thegeniusprincesguidetoraisinganationoutofdebtheyhowabouttreason,"The Genius Prince's Guide to Raising a Nation Out of Debt (Hey, How About Treason?)"
theghostintheshell,The Ghost in the Shell
thegirlisavedonthetrainturnedouttobemychildhoodfriend,The Girl I Saved on the Train Turned Out to Be My Childhood Friend
thegirlwhowantstobeaheroandthegirlwhooughttobeahero,The Girl Who Wants to Be a Hero and the Girl Who Ought to Be a Hero
thegoddesssayskillthetsunderewitch,"The Goddess Says, ""Kill the Tsundere Witch!"""
thegodofnishiyuigahamastation,The God of Nishi-Yuigahama Station
thegreatcleric,The Great Cleric
thegreatestdemonlordisrebornasatypicalnobody,The Greatest Demon Lord Is Reborn as a Typical Nobody
thegreatestmagiciansultimatequestiwokefroma300yearslumbertoaworldofdisappointment,The Greatest Magician's Ultimate Quest: I Woke from a 300 Year Slumber to a World of Disappointment
thegreatestmagicmastersretirementplan,The Greatest Magicmaster's Retirement Plan
theharuhisuzumiyaseries,The Haruhi Suzumiya Series
thehauntedbookstoregatewaytoaparalleluniverse,The Haunted Bookstore – Gateway to a Parallel Universe
theheroandhiselfbrideopenapizzaparlorinanotherworld,The Hero and His Elf Bride Open a Pizza Parlor in Another World
theheroandthesagereincarnatedandengaged,"The Hero and the Sage, Reincarnated and Engaged"
theheroisoverpoweredbutoverlycautious,The Hero Is Overpowered but Overly Cautious
theherokillingbride,The Hero-Killing Bride
theherolaughswhilewalkingthepathofvengeanceasecondtime,The Hero Laughs While Walking the Path of Vengeance a Second Time
thehiddendungeononlyicanenter,The Hidden Dungeon Only I Can Enter
thehiredheroinewantsthevillainesstogloat,The Hired Heroine Wants the Villainess to Gloat
thehitchhikersguidetotheisekai,The Hitchhiker's Guide to the Isekai
theholygrailoferis,The Holy Grail of Eris
theholyknightsdarkroad,The Holy Knight's Dark Road
thehuskyandhiswhitecatshizun,The Husky and His White Cat Shizun
theidealspongerlife,The Ideal Sponger Life
theillustratedfairytaleprincesscollection,The Illustrated Fairy Tale Princess Collection
theinconvenientlifeofanarousingpriestess,The Inconvenient Life of an Arousing Priestess
theinvinciblelittlelady,The Invincible Little Lady
theinvincibleshovel,The Invincible Shovel
theinvinciblesummonerwhocrawledupfromlevel1wreckingreincarnatorswithmyhiddendungeon,The Invincible Summoner Who Crawled Up from Level 1: Wrecking Reincarnators with My Hidden Dungeon
theinvisiblewallflowermarriesanupstartaristocrataftergettingdumpedforhersister,The Invisible Wallflower Marries an Upstart Aristocrat After Getting Dumped for Her Sister!
theirregularatmagichighschool,The Irregular at Magic High School
theisleofparamountsrebornintoaslowlifeamongthestrongestintheworld,The Isle of Paramounts: Reborn into a Slow Life Among the Strongest in the World
theisolator,The Isolator
thekeptmanoftheprincessknight,The Kept Man of the Princess Knight
thekingofthedeadatthedarkpalace,The King of the Dead at the Dark Palace
thelawyerinshizukuishisleepswithawolf,The Lawyer in Shizuku-ishi Sleeps with a Wolf
thelegendarywitchisrebornasanoppressedprincess,The Legendary Witch Is Reborn as an Oppressed Princess
thelordofthesandsoftime,The Lord of the Sands of Time
themagicalrevolutionofthereincarnatedprincessandthegeniusyounglady,The Magical Revolution of the Reincarnated Princess and the Genius Young Lady
themagicianwhorosefromfailure,The Magician Who Rose From Failure
themagicinthisotherworldistoofarbehind,The Magic in this Other World is Too Far Behind!
themasterofragnarokblesserofeinherjar,The Master of Ragnarok & Blesser of Einherjar
themelancholyofharuhisuzumiya,The Melancholy of Haruhi Suzumiya
themelancholyofmechagirl,The Melancholy of Mechagirl
themimosaconfessions,The Mimosa Confessions
themiraclesofthenamiyageneralstore,The Miracles of the Namiya General Store
themisdeedsofanextremelyarrogantvillainaristocrat,The Misdeeds of an Extremely Arrogant Villain Aristocrat
themisfitofdemonkingacademy,The Misfit of Demon King Academy
themisfortunedevouringwitchisactuallyavampire,The Misfortune Devouring Witch is Actually a Vampire?!
themosthereticallastbossqueen,The Most Heretical Last Boss Queen
themosthereticallastbossqueenfromvillainesstosavior,The Most Heretical Last Boss Queen: From Villainess to Savior
themostnotorioustalker,"The Most Notorious ""Talker"""
themostnotorioustalkerrunstheworldsgreatestclan,The Most Notorious “Talker” Runs the World's Greatest Clan
themythicalherosotherworldchronicles,The Mythical Hero's Otherworld Chronicles
thenameofthegameisakidnapping,The Name of the Game is a Kidnapping
theneverendingwinterthelandofbrokendreams,"The Neverending Winter, the Land of Broken Dreams"
thenewgate,The New Gate
thenextcontinent,The Next Continent
thenightisshortwalkongirl,"The Night Is Short, Walk on Girl"
thenpcsinthisvillagesimgamemustbereal,The NPCs in this Village Sim Game Must Be Real!
theoblivioussaintcantcontainherpowerforgetmysisterturnsoutiwastherealsaintallalong,The Oblivious Saint Can't Contain Her Power: Forget My Sister! Turns Out I Was the Real Saint All Along!
theobsessedmageandhisbelovedstatuebride,The Obsessed Mage and His Beloved Statue Bride
theobsessedmageandhisbelovedstatuebrideshecannotresisthisseductivevoice,The Obsessed Mage and His Beloved Statue Bride: She Cannot Resist His Seductive Voice
theonlythingiddoinanoboysallowedgameworld,The Only Thing I'd Do in a No-Boys-Allowed Game World
theonlythingiddoinanoboysallowedgamingworld,The Only Thing I'd Do in a No-Boys-Allowed Gaming World
theopportunisticprincesshasalltheanswers,The Opportunistic Princess Has All the Answers
theotherworlderexploringthedungeon,"The Otherworlder, Exploring the Dungeon"
theotherworldsbooksdependonthebeancounter,The Other World's Books Depend on the Bean Counter
theotomeheroinesfightforsurvival,The Otome Heroine's Fight for Survival
theouroboroswave,The Ouroboros Wave
theovertureofeldenring,The Overture of ELDEN RING
thepettyvillainplaysbytherulesrewritingthisotomegamewithhonestwork,The Petty Villain Plays by the Rules: Rewriting This Otome Game with Honest Work!
theplacepromisedinourearlydays,The Place Promised in Our Early Days
thepoisonkingnowthativegainedultimatepowerthebewitchingbeautiesinmyharemcantgetenoughofme,"The Poison King: Now that I've Gained Ultimate Power, the Bewitching Beauties in My Harem Can't Get Enough of Me"
theprincessofconvenientplotdevices,The Princess of Convenient Plot Devices
theprincesssmile,The Princess' Smile
theprincesssmilethebodydoublebridesearchesforhappinesswiththereclusiveprince,The Princess' Smile: The Body-Double Bride Searches for Happiness with the Reclusive Prince
thereincarnatedprincessspendsanotherdayskippingstoryroutes,The Reincarnated Princess Spends Another Day Skipping Story Routes
thereincarnatedvillainesswontseekrevenge,The Reincarnated Villainess Won't Seek Revenge
thereincarnationofthestrongestexorcistinanotherworld,The Reincarnation of the Strongest Exorcist in Another World
thereincarnatorandthegoblinmaidenshappilyeverafterusingapastlifetokeepajoyfulwife,The Reincarnator and the Goblin Maiden's Happily Ever After: Using a Past Life to Keep a Joyful Wife
therepriseofthespearhero,The Reprise of the Spear Hero
theresnofreakingwayillbeyourloverunless,There's No Freaking Way I'll be Your Lover! Unless…
theresnowayasidecharacterlikemecouldbepopularright,"There's No Way a Side Character Like Me Could Be Popular, Right?"
theressomethingwrongwiththechiefduzhuyoubing,There's Something Wrong with the Chief: Du Zhu You Bing
theretireddemonofthemaxedoutvillage,The Retired Demon of the Maxed-Out Village
therewasnosecretevilfightingorganizationsrslysoimadeonemyself,"There Was No Secret Evil-Fighting Organization (srsly?!), So I Made One MYSELF!"
therisingoftheshieldhero,The Rising of the Shield Hero
theroyalhostagehasvanishedtheblackwolfknightyearnsforthepersecutedprincess,The Royal Hostage Has Vanished: The Black Wolf Knight Yearns for the Persecuted Princess
theryuosworkisneverdone,The Ryuo's Work is Never Done!
thesagaoftanyatheevil,The Saga of Tanya the Evil
thesaintsbelatedhappiness,The Saint's Belated Happiness
thesaintsmagicpowerisomnipotent,The Saint's Magic Power is Omnipotent
thesamuraiandtheprisoner,The Samurai and the Prisoner
thescumvillainsselfsavingsystem,The Scum Villain's Self-Saving System
theseasonstetralogy,The Seasons Tetralogy
theselegsdontlieharumislegacyasthestrongestmimic,These Legs Don't Lie! Harumi's Legacy as the Strongest Mimic
thesevendeadlysins,The Seven Deadly Sins
theshiningsea,The Shining Sea
thesidekicknevergetsthegirlletalonetheprotagssister,"The Sidekick Never Gets the Girl, Let Alone the Protag's Sister!"
thesorcererkingofdestructionandthegolemofthebarbarianqueen,The Sorcerer King of Destruction and the Golem of the Barbarian Queen
thesorcerersreceptionist,The Sorcerer's Receptionist
thestoriesofibis,The Stories of Ibis
thestrangeadventureofabrokemercenary,The Strange Adventure of a Broke Mercenary
thestrongestknightisactuallyacrossdressingnoblewoman,The Strongest Knight is Actually a Cross-Dressing Noblewoman?!
thesummerhikarudied,The Summer Hikaru Died
thetaleofalittlealchemistblessedbythespirits,The Tale of a Little Alchemist Blessed by the Spirits
thetalesofmarielleclarac,The Tales of Marielle Clarac
thetanakafamilyreincarnates,The Tanaka Family Reincarnates
thethousandyearbeach,The Thousand Year Beach
thetinywitchfromthedeepwoods,The Tiny Witch from the Deep Woods
thetooperfectsainttossedasidebymyfianceandsoldtoanotherkingdom,The Too-Perfect Saint: Tossed Aside by My Fiancé and Sold to Another Kingdom
thetrialsandtribulationsofmynextlifeasanoblewoman,The Trials and Tribulations of My Next Life as a Noblewoman
thetrialsofchiyodaku,The Trials of Chiyodaku
thetroublesofmissnicolatheexorcist,The Troubles of Miss Nicola the Exorcist
thetunneltosummertheexitofgoodbyes,"The Tunnel to Summer, the Exit of Goodbyes"
thetwelvekingdoms,The Twelve Kingdoms
thetwelvekingdomsbook1shadowofthemoonshadowofthesea,"The Twelve Kingdoms Book 1 - Shadow of the Moon, Shadow of the Sea"
theundeadkingsreignofpeace,The Undead King's Reign of Peace
theunderdogoftheeightgreatertribes,The Underdog of the Eight Greater Tribes
theunimplementedoverlordshavejoinedtheparty,The Unimplemented Overlords Have Joined the Party!
theunwantedundeadadventurer,The Unwanted Undead Adventurer
thevexationsofashutinvampireprincess,The Vexations of a Shut-In Vampire Princess
thevillainessandthedemonknight,The Villainess and the Demon Knight
thevillainessisdeadlonglivetheempressredoingthestoryafterapoisonousend,The Villainess Is Dead! Long Live the Empress! Redoing the Story After a Poisonous End
thevillainessspeaksnot,The Villainess Speaks Not
thevioletknight,The Violet Knight
thewatermagician,The Water Magician
theweakestmangavillainesswantsherfreedom,The Weakest Manga Villainess Wants Her Freedom!
theweakestmangavillainesswantsherfreedommanga,The Weakest Manga Villainess Wants Her Freedom! (Manga)
theweakesttamerbeganajourneytopickuptrash,The Weakest Tamer Began a Journey to Pick Up Trash
theweirnbooks,The Weirn Books
thewerewolfcountandthetrickstertailor,The Werewolf Count and the Trickster Tailor
thewhitecatsrevengeasplottedfromthedragonkingslap,The White Cat's Revenge as Plotted from the Dragon King's Lap
thewickedprincessandhertwelveeyesthelegendaryvillainessandhereliteassassins,The Wicked Princess and Her Twelve Eyes: The Legendary Villainess and Her Elite Assassins
thewickedprincessandthetwelveeyesthelegendaryvillainessandhereliteassassins,The Wicked Princess and The Twelve Eyes: The Legendary Villainess and Her Elite Assassins
theworldbowsdownbeforemyflames,The World Bows Down Before My Flames
theworldsfastestlevelup,The World's Fastest Level Up
theworldsfinestassassingetsreincarnatedinanotherworldasanaristocrat,The World's Finest Assassin Gets Reincarnated in Another World as an Aristocrat
theworldsleastinterestingmasterswordsman,The World's Least Interesting Master Swordsman
theworldsstrongestrearguard,The World's Strongest Rearguard
theworldsstrongestrearguardlabyrinthcountrysnoviceseeker,The World's Strongest Rearguard: Labyrinth Country's Novice Seeker
theworldsstrongestwitch,The World's Strongest Witch
thewrongwaytousehealingmagic,The Wrong Way to Use Healing Magic
theydontknowimtooyoungfortheadventurersguild,They Don't Know I'm Too Young for the Adventurer's Guild
theyoungladyisthesubstituteharvestgoddess,The Young Lady Is the Substitute Harvest Goddess
thirdloopthenamelessprincessandthecruelemperor,Third Loop: The Nameless Princess and the Cruel Emperor
thisalluringdarkelfhastheheartofamiddleagedman,This Alluring Dark Elf Has the Heart of a Middle-aged Man!
thisgyarusgotathingforvampirehunters,This Gyaru's Got a Thing for...Vampire Hunters?!
thisisthewizardssecretweapon,This Is the Wizard's Secret Weapon
thouasmyknight,"Thou, as My Knight..."
thoughiamanineptvillainess,Though I Am an Inept Villainess
thoughiamanineptvillainesstaleofthebutterflyratbodyswapinthemaidencourt,Though I Am an Inept Villainess: Tale of the Butterfly-Rat Body Swap in the Maiden Court
thousandautumns,Thousand Autumns
threecheatsfromthreegoddessesthebrokebaronsyoungestwantsarelaxinglife,Three Cheats from Three Goddesses: The Broke Baron's Youngest Wants a Relaxing Life
threedaysofhappiness,Three Days of Happiness
titan,TITAN
titananovel,TITAN: A Novel
toanotherworldwithlandmines,To Another World... with Land Mines!
toeveryyouivelovedbefore,To Every You I've Loved Before
tokyoghoul,Tokyo Ghoul
tometheonewholovedyou,"To Me, The One Who Loved You"
toomanylosingheroines,Too Many Losing Heroines!
toostrongtobelongbanishedtoanotherworld,Too Strong to Belong! Banished to Another World!
toradora,Toradora!
tortureprincessfremdtorturchen,Torture Princess: Fremd Torturchen
tosirwithoutloveimdivorcingyou,"To Sir, Without Love: I'm Divorcing You"
tosirwithoutloveimdivorcingyoumanga,"To Sir, Without Love: I'm Divorcing You (manga)"
tothemonsterilove,To the Monster I Love
towerofthesun,Tower of the Sun
trappedinadatingsim,Trapped in a Dating Sim
trappedinadatingsimotomegamesaretoughforustoo,"Trapped in a Dating Sim: Otome Games Are Tough For Us, Too!"
trappedinadatingsimtheworldofotomegamesistoughformobs,Trapped in a Dating Sim: The World of Otome Games is Tough for Mobs
trinityblood,Trinity Blood
truelovefadesawaywhenthecontractends,True Love Fades Away When the Contract Ends
truetenchimuyo,True Tenchi Muyo!
tsukimichimoonlitfantasy,Tsukimichi: Moonlit Fantasy
tsukimonogatari,Tsukimonogatari
turningthetablesontheseatmatekiller,Turning the Tables on the Seatmate Killer
uncannytheoriginsoffear,Uncanny: The Origins of Fear
unnamedmemory,Unnamed Memory
untilimeetmyhusbandmemoir,Until I Meet My Husband (Memoir)
usurperofthesun,Usurper of the Sun
vampirehunterd,Vampire Hunter D
vampireknight,Vampire Knight
venusmissioniwasanassassinforhirewhodiednowimhuntingheroesinanotherworld,"Venus Mission: I Was an Assassin-for-Hire Who Died, Now I'm Hunting Heroes in Another World"
victoriaofmanyfaces,Victoria of Many Faces
villainesslevel99imaybethehiddenbossbutimnotthedemonlord,Villainess Level 99: I May Be the Hidden Boss but I'm Not the Demon Lord
villainessreloadedblowingawaybadendswithmodernweapons,Villainess: Reloaded! Blowing Away Bad Ends with Modern Weapons
villainsaredestinedtodie,Villains Are Destined to Die
virginknightibecamethefrontierlordinaworldruledbywomen,Virgin Knight: I Became the Frontier Lord in a World Ruled by Women
vivyfluoriteeyessong,Vivy Fluorite Eye's Song
vivyprototype,Vivy Prototype
voicesofadistantstar,Voices of a Distant Star
vtuberlegendhowiwentviralafterforgettingtoturnoffmystream,VTuber Legend: How I Went Viral after Forgetting to Turn Off My Stream
waitformeyesterdayinspring,Wait For Me Yesterday in Spring
walkingmysecondpathinlife,Walking My Second Path in Life
wanderingwitchthejourneyofelaina,Wandering Witch: The Journey of Elaina
warlordsofsigrdrifa,Warlords of Sigrdrifa
warlordsofsigrdrifarusalka,Warlords of Sigrdrifa Rusalka
wataruthehotbloodedfightingteenhisepicadventuresafterstoppingatruckwithhisbarehands,WATARU!!! The Hot-Blooded Fighting Teen & His Epic Adventures After Stopping a Truck with His Bare Hands!!
weatheringwithyou,Weathering With You
welcometojapanmself,"Welcome to Japan, Ms. Elf!"
welcometomonstrousmisssophiesenchantedsalonofhealing,Welcome to Monstrous Miss Sophie's Enchanted Salon of Healing
welcometooliviasmagicjewelers,Welcome to Olivia's Magic Jewelers
welcometothedineroftheexiled,Welcome to the Diner of the Exiled!
whenacluelessfirstpersonshooterplayerfallsintoanotherworld,When a Clueless First-Person Shooter Player Falls into Another World
whenitrainsitpours,"When It Rains, It Pours"
whensupernaturalbattlesbecamecommonplace,When Supernatural Battles Became Commonplace
whentheclockstrikesz,When the Clock Strikes Z
whetheritrainsorshinestomorrow,Whether It Rains or Shines Tomorrow
whoeverstealsthisbook,Whoever Steals This Book
whokilledthehero,Who Killed the Hero?
whyshouldntadetestabledemonlordfallinlove,Why Shouldn't a Detestable Demon Lord Fall in Love?!
wildtimeswithafakefakeprincess,Wild Times With a Fake Fake Princess
witchandmercenary,Witch and Mercenary
witchescantbecollared,Witches Can't Be Collared
witchthegraphicnovel,W.I.T.C.H.: The Graphic Novel
wizardsofmickey,Wizards of Mickey
wolfandparchment,Wolf and Parchment
wolfchildren,Wolf Children
wolfchildrenameyuki,Wolf Children: Ame & Yuki
wolfparchment,Wolf & Parchment
wolfparchmentnewtheoryspicewolf,Wolf & Parchment: New Theory Spice & Wolf
woofwoofstory,Woof Woof Story
woofwoofstoryitoldyoutoturnmeintoapamperedpoochnotfenrir,"Woof Woof Story: I Told You to Turn Me Into a Pampered Pooch, Not Fenrir!"
wordsbubbleuplikesodapop,Words Bubble Up Like Soda Pop
worldend,WorldEnd
worldendwhatdoyoudoattheendoftheworldareyoubusywillyousaveus,WorldEnd: What Do You Do at the End of the World? Are You Busy? Will You Save Us?
worldteacherspecialagentinanotherworld,World Teacher: Special Agent in Another World
worthlessathomewhiztotheworld,"Worthless at Home, Whiz to the World"
yamihara,Yami-hara
yashakidenthedemonprincess,Yashakiden The Demon Princess
yashirokunsguidetogoingsolo,Yashiro-kun's Guide to Going Solo
yesnoormaybe,"Yes, No, or Maybe?"
yokohamastationsf,Yokohama Station SF
youaremyregret,You Are My Regret
youcallthatservice,You Call That Service?
youcanhavemyback,You Can Have My Back
youcantseethesnow,You Can't See the Snow
youlikemedontyousowannagooutwithme,You Like Me Dont You? So Wanna Go Out with Me?
youlikemenotmydaughter,"You Like Me, Not My Daughter?!"
youngladyalbertiscourtingdisaster,Young Lady Albert Is Courting Disaster
yourforma,Your Forma
yourlieinapril,Your Lie In April
yourname,your name.
yournameanothersideearthbound,your name. Another Side:Earthbound
youvegotmailtheperilsofpigeonpost,You've Got Mail: The Perils of Pigeon Post
youwereexperiencediwasnotourdatingstory,"You Were Experienced, I Was Not: Our Dating Story"
yukikaze,Yukikaze
yumenikkiiamnotinyourdream,Yume Nikki: I Am Not in Your Dream
yuritamafromthirdwheeltotrifecta,Yuri Tama: From Third Wheel to Trifecta
zaregoto,ZAREGOTO
zerodamageswordsaintienrolledinamagicschoolandwoundupinacontractwiththedemonqueen,Zero Damage Sword Saint: I Enrolled in a Magic School and Wound Up in a Contract with the Demon Queen
zilbagiasthedemonprincehowtheseventhprincebroughtdownthekingdom,Zilbagias the Demon Prince: How the Seventh Prince Brought Down the Kingdom
zoo,ZOO
zozozombiekun,Zo Zo Zombie-kun
