https://www.viz.com/manga-books/novel/all-you-need-is-kill/product/2122,2009-07-21
https://www.viz.com/manga-books/novel/automatic-eve/product/6003,2019-08-20
https://www.viz.com/manga-books/novel/battle-royale-novel/product/4745,2014-04-01
https://www.viz.com/manga-books/novel/battle-royale-slam-book/product/4964,2014-04-01
https://www.viz.com/manga-books/novel/belka-why-dont-you-barkij/product/4950,2012-10-16
https://www.viz.com/manga-books/novel/bleach-can-t-fear-your-own-world-volume-1/product/6339,2020-07-07
https://www.viz.com/manga-books/novel/bleach-can-t-fear-your-own-world-volume-2/product/6475,2020-11-03
https://www.viz.com/manga-books/novel/bleach-can-t-fear-your-own-world-volume-3/product/6612,2021-04-20
https://www.viz.com/manga-books/novel/book-of-heroes-novel/product/2658,2011-11-15
https://www.viz.com/manga-books/novel/brave-story/product/2030,2009-11-17
https://www.viz.com/manga-books/novel/cage-of-zeus/product/2790,
https://www.viz.com/manga-books/novel/chainsaw-man-buddy-stories/product/7517,2023-07-25
https://www.viz.com/manga-books/novel/death-note-another-note-the-los-angeles-bb-murder-cases-novel/product/1332,2008-02-19
https://www.viz.com/manga-books/novel/death-note-l-change-the-world-novel/product/2192,2009-10-20
https://www.viz.com/manga-books/novel/demon-slayer-kimetsu-no-yaiba-novels/product/7237,2022-10-25
https://www.viz.com/manga-books/novel/demon-slayer-kimetsu-no-yaiba-novels/product/7348,2023-02-28
https://www.viz.com/manga-books/novel/demon-slayer-kimetsu-no-yaiba-novels/product/7479,2023-06-27
https://www.viz.com/manga-books/novel/dendera/product/3481,2015-02-17
https://www.viz.com/manga-books/novel/disney-twisted-wonderland-the-novel-episode-1-crimson-tyrant/product/7968,2024-08-27
https://www.viz.com/manga-books/novel/disney-twisted-wonderland-the-novel-episode-1-crimson-tyrant/product/8679,2026-01-27
https://www.viz.com/manga-books/novel/dr-mashirito-s-ultimate-manga-techniques/product/8284,2025-05-13
https://www.viz.com/manga-books/novel/dragon-sword-and-wind-child/product/2461,2010-11-16
https://www.viz.com/manga-books/novel/fullmetal-alchemist-novel-volume-1/product/6906,2021-12-14
https://www.viz.com/manga-books/novel/fullmetal-alchemist-novel-volume-2/product/6977,2022-02-08
https://www.viz.com/manga-books/novel/fullmetal-alchemist-novel-volume-3/product/7034,2022-04-12
https://www.viz.com/manga-books/novel/fullmetal-alchemist-novel-volume-4/product/7092,2022-06-28
https://www.viz.com/manga-books/novel/fullmetal-alchemist-novel-volume-5/product/7199,2022-09-27
https://www.viz.com/manga-books/novel/fullmetal-alchemist-novel-volume-6/product/6830,2021-10-12
https://www.viz.com/manga-books/novel/future-is-japanese/product/3011,2012-05-15
https://www.viz.com/manga-books/novel/gate-of-sorrows/product/4756,2016-08-16
https://www.viz.com/manga-books/novel/gene-mapper/product/3708,2015-06-16
https://www.viz.com/manga-books/novel/genocidal-organ/product/3016,2012-08-21
https://www.viz.com/manga-books/novel/good-luck-yukikaze/product/2577,2011-07-19
https://www.viz.com/manga-books/novel/goth/product/4748,2015-08-18
https://www.viz.com/manga-books/novel/hanzai-japan/product/4749,2015-10-20
https://www.viz.com/manga-books/novel/harmony/product/2539,2010-07-20
https://www.viz.com/manga-books/novel/hot-gimmick-s-novel-volume-1/product/1056,2007-02-20
https://www.viz.com/manga-books/novel/ico-castle-in-the-mist/product/2791,2011-08-16
https://www.viz.com/manga-books/novel/jujutsu-kaisen-novels/product/7298,2022-12-27
https://www.viz.com/manga-books/novel/jujutsu-kaisen-novels/product/7426,2023-04-25
https://www.viz.com/manga-books/novel/juni-taisen-zodiac-war/product/5301,2017-10-10
https://www.viz.com/manga-books/novel/junji-ito/product/7786,2024-03-26
https://www.viz.com/manga-books/novel/kaiju-no-8-exclusive-on-the-third-division/product/8112,2024-12-03
https://www.viz.com/manga-books/novel/legend-of-the-galactic-heroes-volume-1/product/3720,2016-03-08
https://www.viz.com/manga-books/novel/legend-of-the-galactic-heroes-volume-10/product/6082,2019-11-19
https://www.viz.com/manga-books/novel/legend-of-the-galactic-heroes-volume-2/product/4751,2016-07-19
https://www.viz.com/manga-books/novel/legend-of-the-galactic-heroes-volume-3/product/4750,2016-11-15
https://www.viz.com/manga-books/novel/legend-of-the-galactic-heroes-volume-4/product/5173,2017-06-20
https://www.viz.com/manga-books/novel/legend-of-the-galactic-heroes-volume-5/product/5329,2017-11-21
https://www.viz.com/manga-books/novel/legend-of-the-galactic-heroes-volume-6/product/5474,2018-04-17
https://www.viz.com/manga-books/novel/legend-of-the-galactic-heroes-volume-7/product/5603,2018-08-21
https://www.viz.com/manga-books/novel/legend-of-the-galactic-heroes-volume-8/product/5759,2018-12-18
https://www.viz.com/manga-books/novel/legend-of-the-galactic-heroes-volume-9/product/5959,2019-07-16
https://www.viz.com/manga-books/novel/lord-of-the-sands-of-time-novel/product/2123,2009-07-21
https://www.viz.com/manga-books/novel/loups-garous/product/2292,2010-05-18
https://www.viz.com/manga-books/novel/mardock-scramble/product/2568,2011-01-18
https://www.viz.com/manga-books/novel/melancholy-of-mechagirl/product/2788,2013-07-16
https://www.viz.com/manga-books/novel/metal-gear-solid-guns-of-the-patriot/product/2789,2012-06-19
https://www.viz.com/manga-books/novel/mirror-sword-and-shadow-prince/product/2576,2011-05-17
https://www.viz.com/manga-books/novel/mm9/product/2792,2012-01-17
https://www.viz.com/manga-books/novel/my-hero-academia-school-briefs-volume-1/product/5884,2019-04-02
https://www.viz.com/manga-books/novel/my-hero-academia-school-briefs-volume-2/product/5958,2019-07-02
https://www.viz.com/manga-books/novel/my-hero-academia-school-briefs-volume-3/product/6070,2019-10-01
https://www.viz.com/manga-books/novel/my-hero-academia-school-briefs-volume-4/product/6213,2020-03-03
https://www.viz.com/manga-books/novel/my-hero-academia-school-briefs-volume-5/product/6835,2021-10-05
https://www.viz.com/manga-books/novel/my-hero-academia-school-briefs-volume-6/product/7319,2023-01-24
https://www.viz.com/manga-books/novel/my-neighbor-totoro-the-novel/product/3409,2013-10-01
https://www.viz.com/manga-books/novel/naruto-novel/product/1074,2007-10-16
https://www.viz.com/manga-books/novel/naruto-novel/product/744,2006-11-21
https://www.viz.com/manga-books/novel/naruto-novels-volume-1/product/3791,2015-11-03
https://www.viz.com/manga-books/novel/naruto-novels-volume-2/product/3792,2016-02-02
https://www.viz.com/manga-books/novel/naruto-novels-volume-3/product/3793,2016-05-03
https://www.viz.com/manga-books/novel/naruto-novels-volume-4/product/4949,2016-11-01
https://www.viz.com/manga-books/novel/naruto-novels-volume-5/product/4989,2016-12-06
https://www.viz.com/manga-books/novel/naruto-novels-volume-6/product/5079,2017-03-07
https://www.viz.com/manga-books/novel/naruto-novels/product/6307,2020-08-04
https://www.viz.com/manga-books/novel/naruto-novels/product/6434,2020-10-06
https://www.viz.com/manga-books/novel/naruto-novels/product/6585,2021-03-02
https://www.viz.com/manga-books/novel/naruto-novels/product/7129,2022-07-26
https://www.viz.com/manga-books/novel/naruto-novels/product/7268,2022-11-22
https://www.viz.com/manga-books/novel/naruto-novels/product/7383,2023-03-28
https://www.viz.com/manga-books/novel/next-continent-novel-paperback/product/2513,2010-05-18
https://www.viz.com/manga-books/novel/nier-automata/product/5686,2018-10-09
https://www.viz.com/manga-books/novel/nier-automata/product/5882,2019-04-09
https://www.viz.com/manga-books/novel/noble-v-greylancer/product/3028,
https://www.viz.com/manga-books/novel/one-piece-law-s-story/product/8555,2025-10-28
https://www.viz.com/manga-books/novel/one-piece-novels-volume-1/product/6274,2020-05-05
https://www.viz.com/manga-books/novel/one-piece-novels-volume-1/product/8285,2025-04-22
https://www.viz.com/manga-books/novel/one-piece-novels-volume-2/product/6409,2020-09-01
https://www.viz.com/manga-books/novel/one-piece-novels-volume-2/product/8421,2025-07-22
https://www.viz.com/manga-books/novel/orbital-cloud/product/5082,2017-03-21
https://www.viz.com/manga-books/novel/ouroboros-wave/product/2541,2010-11-16
https://www.viz.com/manga-books/novel/phantasm-japan/product/3475,2014-09-16
https://www.viz.com/manga-books/novel/picture-letters-from-the-commander-in-chief/product/4706,2007-06-26
https://www.viz.com/manga-books/novel/red-girls/product/3686,2015-04-21
https://www.viz.com/manga-books/novel/rocket-girls-the-last-planet/product/2578,2011-03-15
https://www.viz.com/manga-books/novel/rocket-girls/product/2538,2010-09-21
https://www.viz.com/manga-books/novel/sisyphean/product/5390,2018-03-20
https://www.viz.com/manga-books/novel/slum-online-novel-paperback/product/2515,2010-04-20
https://www.viz.com/manga-books/novel/small-charred-face/product/5273,2017-09-19
https://www.viz.com/manga-books/novel/spy-x-family-novels/product/7681,2023-12-26
https://www.viz.com/manga-books/novel/stories-of-ibis/product/2514,2010-04-20
https://www.viz.com/manga-books/novel/summer-fireworks-and-my-corpse-novel-paperback/product/2540,2010-09-21
https://www.viz.com/manga-books/novel/ten-billion-days-and-one-hundred-billion-nights/product/4754,2011-10-24
https://www.viz.com/manga-books/novel/thousand-year-beach/product/5533,2018-06-19
https://www.viz.com/manga-books/novel/tokyo-ghoul-novels/product/4922,2016-10-18
https://www.viz.com/manga-books/novel/tokyo-ghoul-novels/product/5014,2017-01-17
https://www.viz.com/manga-books/novel/tokyo-ghoul-novels/product/5109,2017-04-18
https://www.viz.com/manga-books/novel/usurper-of-the-sun/product/2131,2009-09-15
https://www.viz.com/manga-books/novel/yukikaze/product/2308,2010-01-19
https://www.viz.com/manga-books/novel/zoo-novel/product/1901,2009-09-15
